"","mcode","stat.week","swim.dir","time.in","sex","length","time.out","species","age","lat","long","mesh.size","air.temp","water.temp","wind.sp","wind.dir","cloud.cov","capture.loc","deploy.ymd.hms","deploy.unix","det.hist","recap","final.fate","ff.ymd.hms","ff.unix","at.large.unix","at.large.dhm","spawn.group","spawn.stream","julian.day","year","secchi"
"1","75","32","S","9:28","F",558,"9:33","coho","1.1",63.91225,-160.81984,"5-5/8 in",58,58,2,"S",87,"6b","8/4/2020 9:33",1596533580,"5,5,U",NA,"1a","8/6/2020 16:46",1596761217,227637,"2d 15H 13M 57S","6","U",217,"2020",0.35
"2","195","32","N","14:33","M",524,"14:38","coho","2.1",64.01717,-160.91177,"5-5/8 in",NA,NA,7,"NW",75,"6a","8/5/2020 14:38",1596638280,"5,U",NA,"1a","8/7/2020 7:44",1596815075,176795,"2d 1H 6M 35S","6","U",218,"2020",0.6
"3","215","32","N","14:43","M",543,"14:47","coho","2.1",64.01717,-160.91177,"5-5/8 in",NA,NA,7,"NW",75,"6a","8/5/2020 14:47",1596638820,"5,U",NA,"1a","8/8/2020 10:17",1596910634,271814,"3d 3H 30M 14S","6","U",218,"2020",0.6
"4","275","32","N","15:15","M",515,"15:28","coho","2.1",64.01717,-160.91177,"5-5/8 in",NA,NA,7,"NW",75,"6a","8/5/2020 15:28",1596641280,"5,U",NA,"1a","8/6/2020 15:01",1596754873,113593,"1d 7H 33M 13S","6","U",218,"2020",0.6
"5","375","32","N","16:02","M",575,"16:09","coho","2.1",64.01717,-160.91177,"5-5/8 in",NA,NA,7,"NW",75,"6a","8/5/2020 16:09",1596643740,"5,U",NA,"1a","8/8/2020 8:16",1596903369,259629,"3d 0H 7M 9S","6","U",218,"2020",0.6
"6","395","32","S","16:03","M",498,"16:12","coho","1.1",64.01717,-160.91177,"5-5/8 in",NA,NA,7,"NW",75,"6a","8/5/2020 16:12",1596643920,"5,U",NA,"1a","8/6/2020 15:35",1596756940,113020,"1d 7H 23M 40S","6","U",218,"2020",0.6
"7","415","32","S","16:15","M",528,"16:31","coho","2.1",64.01717,-160.91177,"5-5/8 in",NA,NA,7,"NW",75,"6a","8/5/2020 16:31",1596645060,"5,U",NA,"1a","8/7/2020 22:21",1596867686,222626,"2d 13H 50M 26S","6","U",218,"2020",0.6
"8","435","32","N","16:17","M",499,"16:27","coho","2.1",64.01717,-160.91177,"5-5/8 in",NA,NA,7,"NW",75,"6a","8/5/2020 16:27",1596644820,"4,S",NA,"1a","8/12/2020 19:08",1597288114,643294,"7d 10H 41M 34S","5","S",218,"2020",0.6
"9","475","32","S","12:00","F",519,"12:03","coho","1.1",64.03183,-160.92131,"5-5/8 in",56,57,7,"E",95,"6a","8/6/2020 12:03",1596715380,"4,5,U",NA,"1a","8/10/2020 17:25",1597109157,393777,"4d 13H 22M 57S","6","U",219,"2020",2.15
"10","515","32","S","12:52","F",584,"12:57","coho","2.1",64.01718,-160.91241,"5-5/8 in",59,57,5,"NW",60,"6a","8/6/2020 12:57",1596718620,"4,4,5,U",NA,"1a","8/13/2020 17:11",1597367462,648842,"7d 12H 14M 2S","6","U",219,"2020",2.15
"11","535","32","N","13:09","M",515,"13:14","coho","1.1",64.01718,-160.91241,"5-5/8 in",59,57,5,"NW",60,"6a","8/6/2020 13:14",1596719640,"E",NA,"4",NA,NA,NA,NA,"6",NA,219,"2020",2.15
"12","555","32","N","13:23","F",561,"13:29","coho","2.1",64.01718,-160.91241,"5-5/8 in",59,57,5,"NW",60,"6a","8/6/2020 13:29",1596720540,"5,U",NA,"1a","8/8/2020 9:42",1596908548,188008,"2d 4H 13M 28S","6","U",219,"2020",2.15
"13","575","32","N","13:34","M",515,"13:38","coho","1.1",64.01718,-160.91241,"5-5/8 in",59,57,5,"NW",60,"6a","8/6/2020 13:38",1596721080,"5,U",NA,"1a","8/9/2020 6:40",1596984011,262931,"3d 1H 2M 11S","6","U",219,"2020",2.15
"14","615","32","N","13:34","M",519,"13:44","coho","2.1",64.01718,-160.91241,"5-5/8 in",59,57,5,"NW",60,"6a","8/6/2020 13:44",1596721440,"4,4,5,U",NA,"1a","8/8/2020 18:39",1596940770,219330,"2d 12H 55M 30S","6","U",219,"2020",2.15
"15","675","32","N","13:55","M",543,"13:58","coho","3.1",64.01718,-160.91241,"5-5/8 in",59,57,5,"NW",60,"6a","8/6/2020 13:58",1596722280,"5,U",NA,"1a","8/7/2020 9:24",1596821077,98797,"1d 3H 26M 37S","6","U",219,"2020",2.15
"16","715","32","N","14:26","M",489,"14:30","coho","2.1",64.01718,-160.91241,"5-5/8 in",59,57,5,"NW",60,"6a","8/6/2020 14:30",1596724200,"5,U","U","1b","8/7/2020 22:24",1596867869,143669,"1d 15H 54M 29S","6","U",219,"2020",2.15
"17","735","32","N","14:41","M",543,"14:45","coho","2.1",64.01718,-160.91241,"5-5/8 in",59,57,5,"NW",60,"6a","8/6/2020 14:45",1596725100,"5,U","U","1b","8/7/2020 6:10",1596809418,84318,"23H 25M 18S","6","U",219,"2020",2.15
"18","815","32","S","14:25","F",543,"14:30","coho","3",63.95282,-160.85172,"5-5/8 in",65,59,15,"NW",60,"6b","8/3/2020 14:30",1596465000,"5,5,U",NA,"1a","8/7/2020 2:00",1596794449,329449,"3d 19H 30M 49S","6","U",216,"2020",2.15
"19","835","32","S","14:48","M",585,"14:51","coho","3",63.95282,-160.85172,"5-5/8 in",65,59,15,"NW",60,"6b","8/3/2020 14:51",1596466260,"5,U",NA,"1a","8/6/2020 15:54",1596758075,291815,"3d 9H 3M 35S","6","U",216,"2020",2.15
"20","895","32","S","10:11","F",533,"10:26","coho","1.1",64.0169,-160.91451,"5-5/8 in",60,58,7,"S",85,"6a","8/7/2020 10:26",1596795960,"5,5,5,4,S",NA,"1a","8/15/2020 5:43",1597499017,703057,"8d 3H 17M 37S","5","S",220,"2020",0.65
"21","935","32","N","10:15","M",405,"10:28","coho","2.1",64.0169,-160.91451,"5-5/8 in",60,58,7,"S",85,"6a","8/7/2020 10:28",1596796080,"5,U","U","1b","8/8/2020 13:31",1596922288,126208,"1d 11H 3M 28S","6","U",220,"2020",0.65
"22","955","32","N","10:17","F",505,"10:31","coho","1.1",64.0169,-160.91451,"5-5/8 in",60,58,7,"S",85,"6a","8/7/2020 10:31",1596796260,"E",NA,"4",NA,NA,NA,NA,"6",NA,220,"2020",0.65
"23","995","32","N","11:02","M",501,"11:05","coho","2.1",64.0169,-160.91451,"5-5/8 in",60,58,7,"S",85,"6a","8/7/2020 11:05",1596798300,"5,U",NA,"1a","8/7/2020 23:38",1596872330,74030,"20H 33M 50S","6","U",220,"2020",0.65
"24","1015","32","S","11:09","M",568,"11:12","coho","3.1",64.0169,-160.91451,"5-5/8 in",60,58,7,"S",85,"6a","8/7/2020 11:12",1596798720,"5,U",NA,"1a","8/8/2020 18:35",1596940552,141832,"1d 15H 23M 52S","6","U",220,"2020",0.65
"25","1035","32","N","11:10","M",612,"11:17","coho","1.1",64.0169,-160.91451,"5-5/8 in",60,58,7,"S",85,"6a","8/7/2020 11:17",1596799020,"E,E,5,U",NA,"1a","8/17/2020 17:10",1597713012,913992,"10d 13H 53M 12S","6","U",220,"2020",0.65
"26","1055","32","N","11:33","F",554,"11:38","coho","2.1",64.0169,-160.91451,"5-5/8 in",60,58,7,"S",85,"6a","8/7/2020 11:38",1596800280,"4,4,U",NA,"1a","8/9/2020 9:18",1596993529,193249,"2d 5H 40M 49S","6","U",220,"2020",0.65
"27","1075","32","N","11:45","F",509,"11:52","coho","3",64.0169,-160.91451,"5-5/8 in",60,58,7,"S",85,"6a","8/7/2020 11:52",1596801120,"5","U","1b","8/8/2020 12:00",1596888000,86880,"1d 0H 8M 0S","6","U",220,"2020",0.65
"28","1095","32","N","12:04","M",557,"12:09","coho","1.1",64.0169,-160.91451,"5-5/8 in",60,58,7,"S",85,"6a","8/7/2020 12:09",1596802140,"5,U",NA,"1a","8/8/2020 9:24",1596907473,105333,"1d 5H 15M 33S","6","U",220,"2020",0.65
"29","1135","32","N","12:33","M",549,"12:41","coho","2.1",64.0169,-160.91451,"5-5/8 in",60,58,7,"S",85,"6a","8/7/2020 12:41",1596804060,"5,U",NA,"1a","8/8/2020 22:07",1596953230,149170,"1d 17H 26M 10S","6","U",220,"2020",0.65
"30","1155","32","S","12:43","M",506,"12:52","coho","1.1",64.0169,-160.91451,"5-5/8 in",60,58,7,"S",85,"6a","8/7/2020 12:52",1596804720,"4,5,U",NA,"1a","8/9/2020 23:26",1597044402,239682,"2d 18H 34M 42S","6","U",220,"2020",0.65
"31","1175","32","N","12:44","M",481,"12:52","coho","2.1",64.0169,-160.91451,"5-5/8 in",60,58,7,"S",85,"6a","8/7/2020 12:52",1596804720,"E,E,4,S",NA,"1a","8/15/2020 18:25",1597544739,740019,"8d 13H 33M 39S","5","S",220,"2020",0.65
"32","1195","32","N","12:45","M",536,"12:53","coho","2.1",64.0169,-160.91451,"5-5/8 in",60,58,7,"S",85,"6a","8/7/2020 12:53",1596804780,"4,5,U",NA,"1a","8/14/2020 16:17",1597450632,645852,"7d 11H 24M 12S","6","U",220,"2020",0.65
"33","1215","32","N","13:22","F",570,"13:27","coho","2.1",64.0169,-160.91451,"5-5/8 in",60,58,7,"S",85,"6a","8/7/2020 13:27",1596806820,"E",NA,"4",NA,NA,NA,NA,"6",NA,220,"2020",0.65
"34","1235","32","N","13:57","M",580,"14:01","coho","4",64.0169,-160.91451,"5-5/8 in",60,58,7,"S",85,"6a","8/7/2020 14:01",1596808860,"5,U",NA,"1a","8/8/2020 20:33",1596947594,138734,"1d 14H 32M 14S","6","U",220,"2020",0.65
"35","1255","32","N","14:37","F",541,"14:41","coho","2.1",64.0169,-160.91451,"5-5/8 in",60,58,7,"S",85,"6a","8/7/2020 14:41",1596811260,"4,4,U",NA,"1a","8/11/2020 21:07",1597208853,397593,"4d 14H 26M 33S","6","U",220,"2020",0.65
"36","1275","32","S","14:57","M",499,"15:07","coho","2.1",64.0169,-160.91451,"5-5/8 in",60,58,7,"S",85,"6a","8/7/2020 15:07",1596812820,"5,6,7,U","U","1b","8/15/2020 10:51",1597517489,704669,"8d 3H 44M 29S","6","U",220,"2020",0.65
"37","1315","32","S","14:58","M",542,"15:14","coho","2.1",64.0169,-160.91451,"5-5/8 in",60,58,7,"S",85,"6a","8/7/2020 15:14",1596813240,"5,4,4,5,U",NA,"1a","8/10/2020 22:49",1597128589,315349,"3d 15H 35M 49S","6","U",220,"2020",0.65
"38","1335","32","S","14:59","M",544,"15:18","coho","3.1",64.0169,-160.91451,"5-5/8 in",60,58,7,"S",85,"6a","8/7/2020 15:18",1596813480,"S",NA,"1a","8/16/2020 6:51",1597589461,775981,"8d 23H 33M 1S","5","S",220,"2020",0.65
"39","1375","32","S","15:24","M",543,"15:29","coho","2.1",64.0169,-160.91451,"5-5/8 in",60,58,7,"S",85,"6a","8/7/2020 15:29",1596814140,"4,3,2,2,3,3,K",NA,"1a","8/20/2020 11:41",1597952490,1138350,"13d 4H 12M 30S","4","K",220,"2020",0.65
"40","1435","32","N","16:00","M",517,"16:08","coho","1.1",64.0169,-160.91451,"5-5/8 in",60,58,7,"S",85,"6a","8/7/2020 16:08",1596816480,"5,6,7","7","2b","8/13/2020 11:00",1597316400,499920,"5d 18H 52M 0S","S",NA,220,"2020",0.65
"41","1455","33","S","11:44","F",526,"11:51","coho","2.1",64.01728,-160.91138,"5-5/8 in",59,56,5,"SE",30,"6a","8/10/2020 11:51",1597060260,"5,U",NA,"1a","8/13/2020 13:11",1597353070,292810,"3d 9H 20M 10S","6","U",223,"2020",0.85
"42","1495","33","N","12:06","F",455,"12:10","coho","2.1",64.01728,-160.91138,"5-5/8 in",59,56,5,"SE",30,"6a","8/10/2020 12:10",1597061400,"5,U",NA,"1a","8/12/2020 22:47",1597301244,239844,"2d 18H 37M 24S","6","U",223,"2020",0.85
"43","1515","33","S","13:03","F",483,"13:08","coho","2.1",64.01728,-160.91138,"5-5/8 in",59,56,5,"SE",30,"6a","8/10/2020 13:08",1597064880,"5,U",NA,"1a","8/11/2020 11:06",1597172780,107900,"1d 5H 58M 20S","6","U",223,"2020",0.85
"44","1535","33","N","13:17","F",533,"13:22","coho","3.1",64.02448,-160.91692,"5-5/8 in",NA,NA,7,"SE",50,"6a","8/10/2020 13:22",1597065720,"5,U",NA,"1a","8/11/2020 15:06",1597187163,121443,"1d 9H 44M 3S","6","U",223,"2020",1.2
"45","1575","33","N","13:38","M",544,"13:43","coho","2.1",64.02448,-160.91692,"5-5/8 in",NA,NA,7,"SE",50,"6a","8/10/2020 13:43",1597066980,"E",NA,"4",NA,NA,NA,NA,"6",NA,223,"2020",1.2
"46","1615","33","N","14:01","M",542,"14:07","coho","1.1",64.02448,-160.91692,"5-5/8 in",NA,NA,7,"SE",50,"6a","8/10/2020 14:07",1597068420,"5,U",NA,"1a","8/11/2020 19:56",1597204607,136187,"1d 13H 49M 47S","6","U",223,"2020",1.2
"47","1655","33","S","14:02","M",528,"14:10","coho","4",64.02448,-160.91692,"5-5/8 in",NA,NA,7,"SE",50,"6a","8/10/2020 14:10",1597068600,"4,3","6b","3b","8/16/2020 12:40",1597581600,513000,"5d 22H 30M 0S","N",NA,223,"2020",1.2
"48","1675","33","S","13:22","M",565,"13:28","coho","3.1",64.01708,-160.91208,"5-5/8 in",60,57,4,"S",15,"6a","8/11/2020 13:28",1597152480,"4,S",NA,"1a","8/15/2020 6:45",1597502707,350227,"4d 1H 17M 7S","5","S",224,"2020",1.2
"49","1695","33","N","14:24","M",525,"14:28","coho","2.1",64.0753,-160.9474,"5-5/8 in",62,58,8,"W",8,"6a","8/11/2020 14:28",1597156080,"4,S,S,4,5,U",NA,"1a","8/19/2020 13:24",1597872297,716217,"8d 6H 56M 57S","6","U",224,"2020",1.3
"50","1735","33","N","10:26","F",555,"10:32","coho","1.1",63.95433,-160.85193,"combined",NA,57,3,"SW",20,"6a","8/12/2020 10:32",1597228320,"5,5,U",NA,"1a","8/14/2020 18:57",1597460232,231912,"2d 16H 25M 12S","6","U",225,"2020",0.55
"51","1755","33","S","10:40","F",485,"10:53","coho","3.1",63.95433,-160.85193,"combined",NA,57,3,"SW",20,"6a","8/12/2020 10:53",1597229580,"5,U",NA,"1a","8/15/2020 6:46",1597502806,273226,"3d 3H 53M 46S","6","U",225,"2020",0.55
"52","1775","33","N","10:43","M",508,"10:53","coho","1.1",63.95433,-160.85193,"combined",NA,57,3,"SW",20,"6a","8/12/2020 10:53",1597229580,"5,U",NA,"1a","8/18/2020 10:19",1597774795,545215,"6d 7H 26M 55S","6","U",225,"2020",0.55
"53","1795","33","N","10:45","M",486,"10:53","coho","2.1",63.95433,-160.85193,"combined",NA,57,3,"SW",20,"6a","8/12/2020 10:53",1597229580,"5,U","U","1b","8/13/2020 11:20",1597346437,116857,"1d 8H 27M 37S","6","U",225,"2020",0.55
"54","1815","33","S","10:48","F",554,"10:54","coho","3.1",63.95433,-160.85193,"combined",NA,57,3,"SW",20,"6a","8/12/2020 10:54",1597229640,"5,E",NA,"4",NA,NA,NA,NA,"6",NA,225,"2020",0.55
"55","1835","33","N","10:50","M",478,"10:57","coho","3",63.95433,-160.85193,"combined",NA,57,3,"SW",20,"6a","8/12/2020 10:57",1597229820,"5,6,7",NA,"2a","8/14/2020 3:36",1597404996,175176,"2d 0H 39M 36S","S",NA,225,"2020",0.55
"56","1855","33","N","10:51","M",536,"10:59","coho","2.1",63.95433,-160.85193,"combined",NA,57,3,"SW",20,"6a","8/12/2020 10:59",1597229940,"5,U","U","1b","8/13/2020 2:13",1597313618,83678,"23H 14M 38S","6","U",225,"2020",0.55
"57","1875","33","N","11:02","M",530,"11:13","coho","2.1",63.95433,-160.85193,"combined",NA,57,3,"SW",20,"6a","8/12/2020 11:13",1597230780,"5,U",NA,"1a","8/13/2020 21:47",1597384065,153285,"1d 18H 34M 45S","6","U",225,"2020",0.55
"58","1915","33","N","11:07","M",524,"11:13","coho","4",63.95433,-160.85193,"combined",NA,57,3,"SW",20,"6a","8/12/2020 11:13",1597230780,"5,5,E",NA,"4",NA,NA,NA,NA,"6",NA,225,"2020",0.55
"59","1955","33","S","11:17","F",526,"11:30","coho","1.1",63.95433,-160.85193,"combined",NA,57,3,"SW",20,"6a","8/12/2020 11:30",1597231800,"5,5,E",NA,"4",NA,NA,NA,NA,"6",NA,225,"2020",0.55
"60","1975","33","S","11:23","M",518,"11:30","coho","2.1",63.95433,-160.85193,"combined",NA,57,3,"SW",20,"6a","8/12/2020 11:30",1597231800,"5,5,U",NA,"1a","8/15/2020 7:27",1597505237,273437,"3d 3H 57M 17S","6","U",225,"2020",0.55
"61","1995","33","N","11:25","M",553,"11:33","coho","4",63.95433,-160.85193,"combined",NA,57,3,"SW",20,"6a","8/12/2020 11:33",1597231980,"5,U",NA,"1a","8/13/2020 8:21",1597335665,103685,"1d 4H 48M 5S","6","U",225,"2020",0.55
"62","2015","33","S","11:27","M",519,"11:36","coho","1.1",63.95433,-160.85193,"combined",NA,57,3,"SW",20,"6a","8/12/2020 11:36",1597232160,"5,U","U","1b","8/13/2020 11:52",1597348371,116211,"1d 8H 16M 51S","6","U",225,"2020",0.55
"63","2055","33","S","11:45","M",543,"11:52","coho","2.1",63.95433,-160.85193,"combined",NA,57,3,"SW",20,"6a","8/12/2020 11:52",1597233120,"5,6,7",NA,"2a","8/14/2020 12:47",1597438073,204953,"2d 8H 55M 53S","S",NA,225,"2020",0.55
"64","2115","33","N","11:48","M",502,"12:02","coho","2.1",63.95433,-160.85193,"combined",NA,57,3,"SW",20,"6a","8/12/2020 12:02",1597233720,"5,U",NA,"1a","8/13/2020 0:37",1597307850,74130,"20H 35M 30S","6","U",225,"2020",0.55
"65","2135","33","N","11:50","F",491,"12:02","coho","2.1",63.95433,-160.85193,"combined",NA,57,3,"SW",20,"6a","8/12/2020 12:02",1597233720,"5,5,U",NA,"1a","8/14/2020 10:27",1597429652,195932,"2d 6H 25M 32S","6","U",225,"2020",0.55
"66","2155","33","N","11:50","M",561,"12:03","coho","3.1",63.95433,-160.85193,"combined",NA,57,3,"SW",20,"6a","8/12/2020 12:03",1597233780,"5,U","U","1b","8/13/2020 7:46",1597333578,99798,"1d 3H 43M 18S","6","U",225,"2020",0.55
"67","2175","33","N","11:56","M",499,"12:05","coho","2.1",63.95433,-160.85193,"combined",NA,57,3,"SW",20,"6a","8/12/2020 12:05",1597233900,"5,6,7,7,G",NA,"1a","8/15/2020 6:38",1597502286,268386,"3d 2H 33M 6S","6","G",225,"2020",0.55
"68","2195","33","S","11:58","F",575,"12:07","coho","3.1",63.95433,-160.85193,"combined",NA,57,3,"SW",20,"6a","8/12/2020 12:07",1597234020,"5,4,1",NA,"2a","8/17/2020 9:44",1597686291,452271,"5d 5H 37M 51S","N",NA,225,"2020",0.55
"69","2215","33","N","11:58","M",555,"12:10","coho","3.1",63.95433,-160.85193,"combined",NA,57,3,"SW",20,"6a","8/12/2020 12:10",1597234200,"5,E",NA,"4",NA,NA,NA,NA,"6",NA,225,"2020",0.55
"70","2235","33","S","11:59","F",503,"12:13","coho","3",63.95433,-160.85193,"combined",NA,57,3,"SW",20,"6a","8/12/2020 12:13",1597234380,"5,U",NA,"1a","8/13/2020 18:13",1597371199,136819,"1d 14H 0M 19S","6","U",225,"2020",0.55
"71","2295","33","N","12:19","M",513,"12:52","coho","2.1",63.95433,-160.85193,"combined",NA,57,4,"N",15,"6a","8/12/2020 12:52",1597236720,"5,5,4,S","5","3b","8/22/2020 0:19",1598084380,847660,"9d 19H 27M 40S","5",NA,225,"2020",0.55
"72","2315","33","S","12:19","F",518,"12:28","coho","2.1",63.95433,-160.85193,"combined",NA,57,4,"N",15,"6a","8/12/2020 12:28",1597235280,"5","U","1b","8/14/2020 12:00",1597406400,171120,"1d 23H 32M 0S","6","U",225,"2020",0.55
"73","2335","33","N","12:19","F",509,"12:30","coho","2.1",63.95433,-160.85193,"combined",NA,57,4,"N",15,"6a","8/12/2020 12:30",1597235400,"5,5,5,5,5,E",NA,"4",NA,NA,NA,NA,"6",NA,225,"2020",0.55
"74","2355","33","N","12:35","F",568,"12:42","coho","2.1",63.95433,-160.85193,"combined",NA,57,4,"N",15,"6a","8/12/2020 12:42",1597236120,"5,4,5,U","U","1b","8/18/2020 12:17",1597781841,545721,"6d 7H 35M 21S","6","U",225,"2020",0.55
"75","2375","33","S","12:44","F",532,"12:48","coho","1.1",63.95433,-160.85193,"combined",NA,57,4,"N",15,"6a","8/12/2020 12:48",1597236480,"5,U",NA,"1a","8/13/2020 15:44",1597362294,125814,"1d 10H 56M 54S","6","U",225,"2020",0.55
"76","2395","33","N","12:46","M",495,"12:50","coho","2.1",63.95433,-160.85193,"combined",NA,57,4,"N",15,"6a","8/12/2020 12:50",1597236600,"5,U",NA,"1a","8/14/2020 3:55",1597406146,169546,"1d 23H 5M 46S","6","U",225,"2020",0.55
"77","2415","34","S","13:37","M",510,"13:43","coho","1.1",63.95427,-160.8533,"combined",72,58,15,"SE",0,"6a","8/17/2020 13:43",1597671780,"5,4,S",NA,"1a","8/30/2020 6:58",1598799496,1127716,"13d 1H 15M 16S","5","S",230,"2020",1.15
"78","2455","34","N","13:57","M",567,"14:06","coho","2.1",63.95427,-160.8533,"combined",72,58,15,"SE",0,"6a","8/17/2020 14:06",1597673160,"5,6,7",NA,"2a","8/19/2020 2:33",1597833238,160078,"1d 20H 27M 58S","S",NA,230,"2020",1.15
"79","2475","34","N","13:59","M",564,"14:06","coho","2.1",63.95427,-160.8533,"combined",72,58,15,"SE",0,"6a","8/17/2020 14:06",1597673160,"5,5","E","4","8/18/2020 12:00",1597752000,78840,"21H 54M 0S","6",NA,230,"2020",1.15
"80","2495","34","N","13:59","F",528,"14:09","coho","3",63.95427,-160.8533,"combined",72,58,15,"SE",0,"6a","8/17/2020 14:09",1597673340,"5,U",NA,"1a","8/19/2020 7:05",1597849520,176180,"2d 0H 56M 20S","6","U",230,"2020",1.15
"81","2515","34","S","14:02","F",527,"14:11","coho","2.1",63.95427,-160.8533,"combined",72,58,15,"SE",0,"6a","8/17/2020 14:11",1597673460,"5,U",NA,"1a","8/18/2020 20:50",1597812607,139147,"1d 14H 39M 7S","6","U",230,"2020",1.15
"82","2535","34","N","14:02","M",594,"14:13","coho","2.1",63.95427,-160.8533,"combined",72,58,15,"SE",0,"6a","8/17/2020 14:13",1597673580,"5,6,7",NA,"2a","8/19/2020 8:03",1597852989,179409,"2d 1H 50M 9S","S",NA,230,"2020",1.15
"83","2555","34","N","14:03","F",530,"14:15","coho","1.1",63.95427,-160.8533,"combined",72,58,15,"SE",0,"6a","8/17/2020 14:15",1597673700,"5,U",NA,"1a","8/19/2020 16:33",1597883593,209893,"2d 10H 18M 13S","6","U",230,"2020",1.15
"84","2575","34","N","14:18","F",548,"14:25","coho","3.1",63.95427,-160.8533,"combined",72,58,15,"SE",0,"6a","8/17/2020 14:25",1597674300,"5,U",NA,"1a","8/18/2020 9:14",1597770871,96571,"1d 2H 49M 31S","6","U",230,"2020",1.15
"85","2615","34","N","14:20","F",563,"14:28","coho","3.1",63.95427,-160.8533,"combined",72,58,15,"SE",0,"6a","8/17/2020 14:28",1597674480,"5,U",NA,"1a","8/19/2020 10:01",1597860082,185602,"2d 3H 33M 22S","6","U",230,"2020",1.15
"86","2715","34","S","14:57","M",528,"15:03","coho","2.1",63.95427,-160.8533,"combined",72,58,15,"SE",0,"6a","8/17/2020 15:03",1597676580,"5,U",NA,"1a","8/18/2020 13:04",1597784673,108093,"1d 6H 1M 33S","6","U",230,"2020",1.15
"87","2735","34","N","14:58","M",539,"15:04","coho","2.1",63.95427,-160.8533,"combined",72,58,15,"SE",0,"6a","8/17/2020 15:04",1597676640,"5,U",NA,"1a","8/18/2020 9:41",1597772505,95865,"1d 2H 37M 45S","6","U",230,"2020",1.15
"88","2775","34","S","15:15","M",549,"15:19","coho","1.1",63.95427,-160.8533,"combined",72,58,15,"SE",0,"6a","8/17/2020 15:19",1597677540,"5,U",NA,"1a","8/27/2020 21:31",1598592691,915151,"10d 14H 12M 31S","6","U",230,"2020",1.15
"89","2795","34","S","15:28","F",548,"15:32","coho","2.1",63.95427,-160.8533,"combined",72,58,15,"SE",0,"6a","8/17/2020 15:32",1597678320,"5,U",NA,"1a","8/18/2020 8:24",1597767887,89567,"1d 0H 52M 47S","6","U",230,"2020",1.15
"90","2815","34","N","15:29","F",539,"15:34","coho","2.1",63.95427,-160.8533,"combined",72,58,15,"SE",0,"6a","8/17/2020 15:34",1597678440,"5,U","U","1b","8/18/2020 6:44",1597761852,83412,"23H 10M 12S","6","U",230,"2020",1.15
"91","2835","34","N","11:07","M",573,"11:15","coho","2.1",63.95477,-160.85222,"5-5/8 in",62,58,2,"SE",0,"6a","8/18/2020 11:15",1597749300,"5,6,7",NA,"2a","8/20/2020 0:51",1597913500,164200,"1d 21H 36M 40S","S",NA,231,"2020",1.75
"92","2855","34","N","11:10","F",468,"11:15","coho","1.1",63.95477,-160.85222,"5-5/8 in",62,58,2,"SE",0,"6a","8/18/2020 11:15",1597749300,"5,U",NA,"1a","8/19/2020 15:24",1597879489,130189,"1d 12H 9M 49S","6","U",231,"2020",1.75
"93","2895","34","N","11:18","M",529,"11:25","coho","2.1",63.95477,-160.85222,"5-5/8 in",62,58,2,"SE",0,"6a","8/18/2020 11:25",1597749900,"5,6,7",NA,"2a","8/19/2020 21:37",1597901858,151958,"1d 18H 12M 38S","S",NA,231,"2020",1.75
"94","2915","34","N","11:18","M",561,"11:25","coho","2.1",63.95477,-160.85222,"5-5/8 in",62,58,2,"SE",0,"6a","8/18/2020 11:25",1597749900,"5,5,4,3,4,5,U",NA,"1a","8/24/2020 12:58",1598302731,552831,"6d 9H 33M 51S","6","U",231,"2020",1.75
"95","2935","34","N","11:20","M",554,"11:27","coho","3.1",63.95477,-160.85222,"5-5/8 in",62,58,2,"SE",0,"6a","8/18/2020 11:27",1597750020,"5,U",NA,"1a","8/18/2020 22:54",1597820045,70025,"19H 27M 5S","6","U",231,"2020",1.75
"96","2955","34","N","11:29","F",503,"11:35","coho","2.1",63.95477,-160.85222,"5-5/8 in",62,58,2,"SE",0,"6a","8/18/2020 11:35",1597750500,"5,5,U",NA,"1a","8/19/2020 14:55",1597877759,127259,"1d 11H 20M 59S","6","U",231,"2020",1.75
"97","2975","34","N","11:29","M",553,"11:35","coho","3",63.95477,-160.85222,"5-5/8 in",62,58,2,"SE",0,"6a","8/18/2020 11:35",1597750500,"5,5,U","U","1b","8/22/2020 20:46",1598157978,407478,"4d 17H 11M 18S","6","U",231,"2020",1.75
"98","2995","34","S","11:30","F",547,"11:35","coho","3",63.95477,-160.85222,"5-5/8 in",62,58,2,"SE",0,"6a","8/18/2020 11:35",1597750500,"5,E",NA,"4",NA,NA,NA,NA,"6",NA,231,"2020",1.75
"99","3075","34","N","11:51","F",566,"12:01","coho","2.1",63.95477,-160.85222,"5-5/8 in",62,58,2,"SE",0,"6a","8/18/2020 12:01",1597752060,"5,U",NA,"1a","8/19/2020 21:00",1597899601,147541,"1d 16H 59M 1S","6","U",231,"2020",1.75
"100","3115","34","S","11:56","M",544,"12:02","coho","2.1",63.95477,-160.85222,"5-5/8 in",62,58,2,"SE",0,"6a","8/18/2020 12:02",1597752120,"5,5,E",NA,"4",NA,NA,NA,NA,"6",NA,231,"2020",1.75
"101","3175","34","S","12:12","M",526,"12:16","coho","1.1",63.95477,-160.85222,"5-5/8 in",62,58,2,"SE",0,"6a","8/18/2020 12:16",1597752960,"5,U",NA,"1a","8/19/2020 18:21",1597890070,137110,"1d 14H 5M 10S","6","U",231,"2020",1.75
"102","3215","35","N","10:54","M",558,"11:01","coho","1.1",63.95417,-160.85283,"5-5/8 in",58,57,5,"S",90,"6a","8/24/2020 11:01",1598266860,"5,5,U",NA,"1a","8/25/2020 21:12",1598418742,151882,"1d 18H 11M 22S","6","U",237,"2020",0.4
"103","3335","35","S","12:19","M",504,"12:23","coho","2.1",63.95417,-160.85283,"5-5/8 in",58,57,5,"S",90,"6a","8/24/2020 12:23",1598271780,"5,U",NA,"1a","8/24/2020 22:51",1598338274,66494,"18H 28M 14S","6","U",237,"2020",0.4
"104","3375","35","N","13:11","M",554,"13:16","coho","1.1",63.95417,-160.85283,"5-5/8 in",58,57,5,"S",90,"6a","8/24/2020 13:16",1598274960,"5,5,6,5,4,6,7",NA,"2a","8/28/2020 12:37",1598647070,372110,"4d 7H 21M 50S","S",NA,237,"2020",0.4
"105","3395","35","S","13:28","F",512,"13:31","coho","3",63.95417,-160.85283,"5-5/8 in",58,57,5,"S",90,"6a","8/24/2020 13:31",1598275860,"5,U",NA,"1a","8/24/2020 22:15",1598336115,60255,"16H 44M 15S","6","U",237,"2020",0.4
"106","3475","35","S","14:34","M",528,"14:42","coho","2.1",63.95417,-160.85283,"5-5/8 in",58,57,5,"S",90,"6a","8/24/2020 14:42",1598280120,"5,U",NA,"1a","8/25/2020 19:30",1598412607,132487,"1d 12H 48M 7S","6","U",237,"2020",0.4
"107","3495","35","S","14:34","M",546,"14:45","coho","3",63.95417,-160.85283,"5-5/8 in",58,57,5,"S",90,"6a","8/24/2020 14:45",1598280300,"5,U",NA,"1a","8/25/2020 12:05",1598385914,105614,"1d 5H 20M 14S","6","U",237,"2020",0.4
"108","3515","35","S","15:07","M",503,"15:11","coho","1.1",63.95417,-160.85283,"5-5/8 in",58,57,5,"S",90,"6a","8/24/2020 15:11",1598281860,"5,5,U",NA,"1a","8/25/2020 18:56",1598410582,128722,"1d 11H 45M 22S","6","U",237,"2020",0.4
"109","3535","35","S","13:52","F",550,"13:58","coho","2.1",63.95455,-160.85202,"5-5/8 in",63,57,5,"S",50,"6a","8/25/2020 13:58",1598363880,"5,U",NA,"1a","8/26/2020 10:30",1598466644,102764,"1d 4H 32M 44S","6","U",238,"2020",1.125
"110","3595","35","S","14:07","M",584,"14:10","coho","1.1",63.95455,-160.85202,"5-5/8 in",63,57,5,"S",50,"6a","8/25/2020 14:10",1598364600,"5,U",NA,"1a","8/25/2020 22:59",1598425190,60590,"16H 49M 50S","6","U",238,"2020",1.125
"111","3615","35","S","14:12","M",497,"14:15","coho","1.1",63.95455,-160.85202,"5-5/8 in",63,57,5,"S",50,"6a","8/25/2020 14:15",1598364900,"5,U",NA,"1a","8/26/2020 22:05",1598508339,143439,"1d 15H 50M 39S","6","U",238,"2020",1.125
"112","3655","35","S","14:40","M",561,"14:46","coho","1.1",63.95455,-160.85202,"5-5/8 in",63,57,5,"S",50,"6a","8/25/2020 14:46",1598366760,"5,5,U",NA,"1a","8/26/2020 21:05",1598504749,137989,"1d 14H 19M 49S","6","U",238,"2020",1.125
"113","3695","35","N","15:00","F",579,"15:03","coho","2.1",63.95455,-160.85202,"5-5/8 in",63,57,5,"S",50,"6a","8/25/2020 15:03",1598367780,"5,5,U",NA,"1a","8/26/2020 16:19",1598487597,119817,"1d 9H 16M 57S","6","U",238,"2020",1.125
"114","3715","35","S","15:38","M",522,"15:41","coho","1.1",63.95455,-160.85202,"5-5/8 in",63,57,5,"S",50,"6a","8/25/2020 15:41",1598370060,"5,E",NA,"4",NA,NA,NA,NA,"6",NA,238,"2020",1.125
"115","3795","35","S","15:55","F",533,"15:58","coho","2.1",63.95455,-160.85202,"5-5/8 in",63,57,5,"S",50,"6a","8/25/2020 15:58",1598371080,"5,U",NA,"1a","8/27/2020 9:13",1598548395,177315,"2d 1H 15M 15S","6","U",238,"2020",1.125
"116","3855","35","S","16:18","M",558,"15:22","coho","4",63.95455,-160.85202,"5-5/8 in",63,57,5,"S",50,"6a","8/25/2020 15:22",1598368920,"5,U",NA,"1a","8/26/2020 14:55",1598482551,113631,"1d 7H 33M 51S","6","U",238,"2020",1.125
"117","3895","35","N","16:29","M",552,"16:37","coho","1.1",63.95455,-160.85202,"5-5/8 in",63,57,5,"S",50,"6a","8/25/2020 16:37",1598373420,"5,5,U",NA,"1a","8/27/2020 9:11",1598548295,174875,"2d 0H 34M 35S","6","U",238,"2020",1.125
"118","3915","35","S","16:09","F",564,"15:16","coho","3.1",63.95455,-160.85202,"5-5/8 in",63,57,5,"S",50,"6a","8/25/2020 15:16",1598368560,"5,U","U","1b","8/26/2020 18:02",1598493720,125160,"1d 10H 46M 0S","6","U",238,"2020",1.125
"119","3935","35","N","16:30","M",493,"16:37","coho","2.1",63.95455,-160.85202,"5-5/8 in",63,57,5,"S",50,"6a","8/25/2020 16:37",1598373420,"5,U",NA,"1a","8/26/2020 10:43",1598467396,93976,"1d 2H 6M 16S","6","U",238,"2020",1.125
"120","3975","35","S","16:33","M",564,"16:39","coho","1.1",63.95455,-160.85202,"5-5/8 in",63,57,5,"S",50,"6a","8/25/2020 16:39",1598373540,"5,5,U",NA,"1a","8/26/2020 22:29",1598509786,136246,"1d 13H 50M 46S","6","U",238,"2020",1.125
"121","3995","35","N","16:35","M",569,"16:41","coho","2.1",63.95455,-160.85202,"5-5/8 in",63,57,5,"S",50,"6a","8/25/2020 16:41",1598373660,"5,6,7",NA,"2a","8/26/2020 17:55",1598493348,119688,"1d 9H 14M 48S","S",NA,238,"2020",1.125
"122","4015","31","S","10:20","M",533,"10:30","coho","2.1",64.30035,-161.10313,"5-7/8 in",NA,58,5,"S",100,"5","7/31/2020 10:30",1596191400,"4,4,5,U",NA,"1a","8/5/2020 19:03",1596682985,491585,"5d 16H 33M 5S","6","U",213,"2020",0.375
"123","4035","31","S","10:21","M",464,"10:30","coho","2.1",64.30035,-161.10313,"5-7/8 in",NA,58,5,"S",100,"5","7/31/2020 10:30",1596191400,"4,5,U",NA,"1a","8/4/2020 7:09",1596553759,362359,"4d 4H 39M 19S","6","U",213,"2020",0.375
"124","4055","31","S","11:13","M",569,"11:20","coho","1.1",64.30035,-161.10313,"5-7/8 in",NA,58,5,"S",100,"5","7/31/2020 11:20",1596194400,"T",NA,"1a","8/2/2020 3:18",1596367122,172722,"1d 23H 58M 42S","5","T",213,"2020",0.375
"125","4075","31","S","13:00","M",561,"13:05","coho","2.1",64.27227,-161.04572,"5-7/8 in",NA,58,5,"S",100,"5","7/31/2020 13:05",1596200700,"S",NA,"1a","8/5/2020 2:17",1596622678,421978,"4d 21H 12M 58S","5","S",213,"2020",0.375
"126","4135","31","N","20:51","F",491,"20:54","coho","3",64.30087,-161.10278,"5-7/8 in",NA,57,2,"N",100,"5","7/31/2020 20:54",1596228840,"E,E,5,U",NA,"1a","8/13/2020 14:22",1597357353,1128513,"13d 1H 28M 33S","6","U",213,"2020",0.85
"127","4155","32","S","12:24","F",549,"12:30","coho","2.1",64.27188,-161.04538,"5-7/8 in",NA,57,20,"NE",25,"5","8/1/2020 12:30",1596285000,"4,5,U",NA,"1a","8/6/2020 9:14",1596734093,449093,"5d 4H 44M 53S","6","U",214,"2020",0.875
"128","4175","32","N","10:05","M",522,"10:12","coho","2.1",64.20107,-160.95113,"5-7/8 in",51,54,NA,"",85,"5","8/5/2020 10:12",1596622320,"4,5,6,7",NA,"2a","8/17/2020 14:43",1597704212,1081892,"12d 12H 31M 32S","S",NA,218,"2020",0.875
"129","4215","32","N","12:15","M",502,"12:21","coho","2.1",64.2434,-160.99139,"5-7/8 in",58,53,5,"N",75,"5","8/5/2020 12:21",1596630060,"S",NA,"1a","8/11/2020 10:39",1597171150,541090,"6d 6H 18M 10S","5","S",218,"2020",0.875
"130","4235","32","N","12:33","M",564,"12:37","coho","2.1",64.2434,-160.99139,"5-7/8 in",58,53,5,"N",75,"5","8/5/2020 12:37",1596631020,"3,2,3,4,5,6,7",NA,"2a","8/11/2020 16:23",1597191786,560766,"6d 11H 46M 6S","S",NA,218,"2020",0.875
"131","4255","32","N","13:32","M",579,"13:37","coho","1.1",64.27306,-161.04833,"combined",NA,58,NA,"",90,"5","8/5/2020 13:37",1596634620,"6,7,U","U","1b","8/12/2020 18:09",1597284567,649947,"7d 12H 32M 27S","6","U",218,"2020",0.875
"132","4275","32","S","14:55","F",505,"15:00","coho","2.1",64.18247,-160.95675,"5-5/8 in",NA,59,NA,"",50,"5","8/5/2020 15:00",1596639600,"5,U",NA,"1a","8/7/2020 23:28",1596871725,232125,"2d 16H 28M 45S","6","U",218,"2020",1.375
"133","4295","32","S","8:48","M",509,"8:53","coho","3.1",64.30087,-161.10278,"5-5/8 in",54,56,5,"SE",100,"5","8/6/2020 8:53",1596703980,"4,5,U",NA,"1a","8/8/2020 20:38",1596947889,243909,"2d 19H 45M 9S","6","U",219,"2020",1.375
"134","4315","32","S","9:06","F",521,"9:11","coho","2.1",64.30087,-161.10278,"5-5/8 in",54,56,5,"SE",100,"5","8/6/2020 9:11",1596705060,"4,U",NA,"1a","8/8/2020 12:44",1596919469,214409,"2d 11H 33M 29S","6","U",219,"2020",1.375
"135","4335","32","S","9:45","F",576,"9:50","coho","3",64.30087,-161.10278,"5-5/8 in",54,56,5,"SE",100,"5","8/6/2020 9:50",1596707400,"3,4,5,U",NA,"1a","8/10/2020 6:09",1597068574,361174,"4d 4H 19M 34S","6","U",219,"2020",1.375
"136","4355","32","S","9:25","M",602,"9:30","coho","3",64.318,-161.13549,"5-5/8 in",57,57,10,"S",100,"5","8/7/2020 9:30",1596792600,"3,4,6,7",NA,"2a","8/10/2020 21:59",1597125578,332978,"3d 20H 29M 38S","S",NA,220,"2020",1
"137","4375","32","S","10:20","M",503,"10:30","coho","2.1",64.28751,-161.07744,"combined",57,57,5,"S",75,"5","8/7/2020 10:30",1596796200,"4,5,U",NA,"1a","8/10/2020 23:35",1597131334,335134,"3d 21H 5M 34S","6","U",220,"2020",1.4
"138","4415","32","N","12:57","M",486,"13:08","coho","1.1",64.20131,-160.95188,"combined",57,57,1,"S",90,"5","8/7/2020 13:08",1596805680,"4,E",NA,"4",NA,NA,NA,NA,"6",NA,220,"2020",2.25
"139","4435","32","N","13:30","M",501,"13:35","coho","1.1",64.20131,-160.95188,"combined",57,57,1,"S",90,"5","8/7/2020 13:35",1596807300,"4,5,U",NA,"1a","8/12/2020 20:01",1597291306,484006,"5d 14H 26M 46S","6","U",220,"2020",2.25
"140","4475","32","S","14:05","M",549,"14:10","coho","3.1",64.20131,-160.95188,"5-7/8 in",57,57,1,"S",90,"5","8/7/2020 14:10",1596809400,"4,5,U",NA,"1a","8/10/2020 11:11",1597086698,277298,"3d 5H 1M 38S","6","U",220,"2020",2.25
"141","4495","32","S","14:20","M",515,"14:25","coho","1.1",64.20131,-160.95188,"5-7/8 in",57,57,1,"S",90,"5","8/7/2020 14:25",1596810300,"4,E",NA,"4",NA,NA,NA,NA,"6",NA,220,"2020",2.25
"142","4515","32","S","15:05","M",511,"15:15","coho","3",64.20131,-160.95188,"5-7/8 in",57,57,1,"S",90,"5","8/7/2020 15:15",1596813300,"4,5,U",NA,"1a","8/11/2020 14:49",1597186197,372897,"4d 7H 34M 57S","6","U",220,"2020",2.25
"143","4535","33","S","9:23","F",558,"9:28","coho","2.1",64.28699,-161.07575,"5-5/8 in",51,58,1,"",75,"5","8/10/2020 9:28",1597051680,"4,5,5,U",NA,"1a","8/15/2020 8:29",1597508966,457286,"5d 7H 1M 26S","6","U",223,"2020",0.75
"144","4555","33","S","9:52","M",484,"10:00","coho","2.1",64.28699,-161.07575,"5-5/8 in",51,58,1,"",75,"5","8/10/2020 10:00",1597053600,"S,S,4,5,U",NA,"1a","8/26/2020 20:17",1598501858,1448258,"16d 18H 17M 38S","6","U",223,"2020",0.75
"145","4575","33","S","10:10","M",558,"10:15","coho","2.1",64.28699,-161.07575,"5-5/8 in",51,58,1,"",75,"5","8/10/2020 10:15",1597054500,"4,5,5,U","U","1b","8/13/2020 22:46",1597387600,333100,"3d 20H 31M 40S","6","U",223,"2020",0.75
"146","4595","33","N","11:08","M",542,"11:13","coho","2.1",64.28699,-161.07575,"5-5/8 in",51,58,1,"",75,"5","8/10/2020 11:13",1597057980,"4,U",NA,"1a","8/14/2020 14:26",1597444002,386022,"4d 11H 13M 42S","6","U",223,"2020",0.75
"147","4615","33","N","12:14","F",544,"12:19","coho","1.1",64.132,-160.95424,"5-7/8 in",62,58,1,"S",25,"5","8/10/2020 12:19",1597061940,"4,5,U",NA,"1a","8/13/2020 6:51",1597330302,268362,"3d 2H 32M 42S","6","U",223,"2020",1.375
"148","4635","33","N","12:26","M",535,"12:30","coho","2.1",64.132,-160.95424,"5-7/8 in",62,58,1,"S",25,"5","8/10/2020 12:30",1597062600,"4,4,S",NA,"1a","8/12/2020 15:37",1597275442,212842,"2d 11H 7M 22S","5","S",223,"2020",1.375
"149","4655","33","N","12:29","M",485,"12:33","coho","1.1",64.132,-160.95424,"5-7/8 in",62,58,1,"S",25,"5","8/10/2020 12:33",1597062780,"4,4,4,5,U",NA,"1a","8/13/2020 13:58",1597355919,293139,"3d 9H 25M 39S","6","U",223,"2020",1.375
"150","4675","33","S","12:36","M",525,"12:42","coho","2.1",64.132,-160.95424,"5-7/8 in",62,58,1,"S",25,"5","8/10/2020 12:42",1597063320,"4,4,E",NA,"4",NA,NA,NA,NA,"6",NA,223,"2020",1.375
"151","4695","33","S","13:40","M",546,"13:43","coho","2.1",64.18195,-160.95771,"combined",NA,58,1,"",NA,"5","8/10/2020 13:43",1597066980,"4","E","4","8/11/2020 12:00",1597147200,80220,"22H 17M 0S","6",NA,223,"2020",1.375
"152","4735","33","S","14:00","M",554,"14:03","coho","3",64.18195,-160.95771,"combined",NA,58,1,"",NA,"5","8/10/2020 14:03",1597068180,"4,E",NA,"4",NA,NA,NA,NA,"6",NA,223,"2020",1.375
"153","4755","33","S","14:01","M",521,"14:04","coho","3",64.18195,-160.95771,"combined",NA,58,1,"",NA,"5","8/10/2020 14:04",1597068240,"4,5,U",NA,"1a","8/12/2020 10:11",1597255861,187621,"2d 4H 7M 1S","6","U",223,"2020",1.375
"154","4775","33","N","14:02","M",579,"14:06","coho","2.1",64.18195,-160.95771,"combined",NA,58,1,"",NA,"5","8/10/2020 14:06",1597068360,"4,E",NA,"4",NA,NA,NA,NA,"6",NA,223,"2020",1.375
"155","4795","33","S","14:40","M",499,"14:56","coho","2.1",64.18195,-160.95771,"5-7/8 in",NA,58,1,"",NA,"5","8/10/2020 14:56",1597071360,"4,5,U",NA,"1a","8/11/2020 20:36",1597207000,135640,"1d 13H 40M 40S","6","U",223,"2020",1.375
"156","4815","33","S","14:41","M",535,"14:56","coho","2.1",64.18195,-160.95771,"5-7/8 in",NA,58,1,"",NA,"5","8/10/2020 14:56",1597071360,"4,5,U",NA,"1a","8/13/2020 2:13",1597313614,242254,"2d 19H 17M 34S","6","U",223,"2020",1.375
"157","4835","33","N","14:50","M",563,"14:57","coho","2.1",64.18195,-160.95771,"5-7/8 in",NA,58,1,"",NA,"5","8/10/2020 14:57",1597071420,NA,"U","1c","8/14/2020 12:00",1597406400,334980,"3d 21H 3M 0S","6","U",223,"2020",1.375
"158","4855","33","N","14:57","M",488,"14:57","coho","2.1",64.18195,-160.95771,"5-7/8 in",NA,58,1,"",NA,"5","8/10/2020 14:57",1597071420,"4,5,6,G",NA,"1a","8/12/2020 9:04",1597251849,180429,"2d 2H 7M 9S","6","G",223,"2020",1.375
"159","4875","33","N","15:22","M",505,"15:27","coho","3",64.18195,-160.95771,"5-7/8 in",NA,58,1,"",NA,"5","8/10/2020 15:27",1597073220,"4,5,U",NA,"1a","8/11/2020 18:44",1597200255,127035,"1d 11H 17M 15S","6","U",223,"2020",1.375
"160","4895","33","N","9:27","M",561,"9:42","coho","2.1",64.18224,-160.95687,"5-7/8 in",52,58,NA,"",NA,"5","8/11/2020 9:42",1597138920,"4,5,U",NA,"1a","8/13/2020 0:07",1597306059,167139,"1d 22H 25M 39S","6","U",224,"2020",NA
"161","4935","33","S","9:30","M",550,"9:42","coho","2.1",64.18224,-160.95687,"5-5/8 in",52,58,NA,"",NA,"5","8/11/2020 9:42",1597138920,"4,5","U","1b","8/15/2020 12:00",1597492800,353880,"4d 2H 18M 0S","6","U",224,"2020",NA
"162","4955","33","S","9:31","M",569,"9:42","coho","2.1",64.18224,-160.95687,"5-5/8 in",52,58,NA,"",NA,"5","8/11/2020 9:42",1597138920,"4,5,U",NA,"1a","8/18/2020 9:24",1597771482,632562,"7d 7H 42M 42S","6","U",224,"2020",NA
"163","4995","33","S","9:41","M",545,"9:56","coho","2.1",64.18224,-160.95687,"5-5/8 in",52,58,NA,"",NA,"5","8/11/2020 9:56",1597139760,"4,E,E,5,U",NA,"1a","8/18/2020 12:18",1597781938,642178,"7d 10H 22M 58S","6","U",224,"2020",NA
"164","5035","33","S","10:01","M",510,"10:13","coho","1.1",64.18224,-160.95687,"5-5/8 in",52,58,NA,"",NA,"5","8/11/2020 10:13",1597140780,"4,5,U","U","1b","8/14/2020 16:54",1597452845,312065,"3d 14H 41M 5S","6","U",224,"2020",NA
"165","5055","33","S","10:03","M",522,"10:14","coho","2.1",64.18224,-160.95687,"5-5/8 in",52,58,NA,"",NA,"5","8/11/2020 10:14",1597140840,"3,2,I",NA,"1a","8/15/2020 11:22",1597519379,378539,"4d 9H 8M 59S","4","I",224,"2020",NA
"166","5075","33","S","10:05","F",504,"10:15","coho","3",64.18224,-160.95687,"5-5/8 in",52,58,NA,"",NA,"5","8/11/2020 10:15",1597140900,"4,5,U",NA,"1a","8/14/2020 11:42",1597434154,293254,"3d 9H 27M 34S","6","U",224,"2020",NA
"167","5095","33","S","10:15","F",523,"10:25","coho","1.1",64.18224,-160.95687,"5-7/8 in",52,58,NA,"",NA,"5","8/11/2020 10:25",1597141500,"4,5,6,7",NA,"2a","8/14/2020 15:36",1597448160,306660,"3d 13H 11M 0S","S",NA,224,"2020",NA
"168","5175","33","S","10:49","M",475,"10:57","coho","1.1",64.18224,-160.95687,"5-7/8 in",52,58,NA,"",NA,"5","8/11/2020 10:57",1597143420,"4,5,U",NA,"1a","8/13/2020 16:10",1597363805,220385,"2d 13H 13M 5S","6","U",224,"2020",NA
"169","5195","33","S","10:51","M",541,"10:58","coho","2.1",64.18224,-160.95687,"5-7/8 in",52,58,NA,"",NA,"5","8/11/2020 10:58",1597143480,"4,5,7,G",NA,"1a","8/15/2020 11:28",1597519691,376211,"4d 8H 30M 11S","6","G",224,"2020",NA
"170","5215","33","S","11:03","M",584,"11:13","coho","2.1",64.18224,-160.95687,"5-7/8 in",52,58,NA,"",NA,"5","8/11/2020 11:13",1597144380,"4,5,U","U","1b","8/12/2020 21:51",1597297898,153518,"1d 18H 38M 38S","6","U",224,"2020",NA
"171","5235","33","S","11:05","F",512,"11:13","coho","1.1",64.18224,-160.95687,"5-7/8 in",52,58,NA,"",NA,"5","8/11/2020 11:13",1597144380,"4,5,U",NA,"1a","8/13/2020 8:08",1597334921,190541,"2d 4H 55M 41S","6","U",224,"2020",NA
"172","5255","33","N","11:07","M",563,"11:15","coho","2.1",64.18224,-160.95687,"5-7/8 in",52,58,NA,"",NA,"5","8/11/2020 11:15",1597144500,"4,5","U","1b","8/12/2020 19:00",1597258800,114300,"1d 7H 45M 0S","6","U",224,"2020",NA
"173","5275","33","N","11:07","F",526,"11:18","coho","2.1",64.18224,-160.95687,"5-5/8 in",52,58,NA,"",NA,"5","8/11/2020 11:18",1597144680,"S,S,T",NA,"1a","8/23/2020 20:26",1598243219,1098539,"12d 17H 8M 59S","5","T",224,"2020",NA
"174","5295","33","N","11:08","F",535,"11:20","coho","3",64.18224,-160.95687,"5-5/8 in",52,58,NA,"",NA,"5","8/11/2020 11:20",1597144800,"4,E",NA,"4",NA,NA,NA,NA,"6",NA,224,"2020",NA
"175","5315","33","S","11:15","M",512,"11:39","coho","1.1",64.18224,-160.95687,"5-5/8 in",52,58,NA,"",NA,"5","8/11/2020 11:39",1597145940,"4,5","U","1b","8/13/2020 15:15",1597331700,185760,"2d 3H 36M 0S","6","U",224,"2020",NA
"176","5335","33","S","11:16","M",543,"11:42","coho","2.1",64.18224,-160.95687,"5-7/8 in",52,58,NA,"",NA,"5","8/11/2020 11:42",1597146120,"4,5,5","U","1b","8/14/2020 9:00",1597395600,249480,"2d 21H 18M 0S","6","U",224,"2020",NA
"177","5355","33","S","13:40","F",520,"13:44","coho","2.1",64.24019,-160.98668,"5-5/8 in",62,59,1,"",0,"5","8/11/2020 13:44",1597153440,"4,3",NA,"2a","8/14/2020 6:59",1597417165,263725,"3d 1H 15M 25S","N",NA,224,"2020",0.75
"178","5375","33","N","13:58","F",542,"14:05","coho","2.1",64.24019,-160.98668,"5-5/8 in",62,59,1,"",0,"5","8/11/2020 14:05",1597154700,"T",NA,"1a","8/17/2020 0:39",1597653581,498881,"5d 18H 34M 41S","5","T",224,"2020",0.75
"179","5415","33","S","14:52","F",545,"14:56","coho","1.1",64.24019,-160.98668,"5-7/8 in",62,59,1,"",0,"5","8/11/2020 14:56",1597157760,"4,5,6,7",NA,"2a","8/13/2020 14:40",1597358404,200644,"2d 7H 44M 4S","S",NA,224,"2020",0.75
"180","5475","33","S","9:43","F",520,"9:48","coho","2.1",64.18191,-160.9575,"5-5/8 in",54,58,1,"",75,"5","8/12/2020 9:48",1597225680,"4,5,6,7",NA,"2a","8/14/2020 19:57",1597463823,238143,"2d 18H 9M 3S","S",NA,225,"2020",1.1
"181","5495","33","N","10:08","M",554,"10:16","coho","2.1",64.18191,-160.9575,"5-7/8 in",54,58,1,"",75,"5","8/12/2020 10:16",1597227360,"4,4,5,6,7",NA,"2a","8/15/2020 15:17",1597533471,306111,"3d 13H 1M 51S","S",NA,225,"2020",1.1
"182","5515","33","N","10:09","F",565,"10:18","coho","2.1",64.18191,-160.9575,"5-5/8 in",54,58,1,"",75,"5","8/12/2020 10:18",1597227480,"4,5,U",NA,"1a","8/14/2020 15:07",1597446469,218989,"2d 12H 49M 49S","6","U",225,"2020",1.1
"183","5535","33","S","10:10","M",525,"10:15","coho","2.1",64.18191,-160.9575,"5-5/8 in",54,58,1,"",75,"5","8/12/2020 10:15",1597227300,"4,U",NA,"1a","8/15/2020 18:16",1597544175,316875,"3d 16H 1M 15S","6","U",225,"2020",1.1
"184","5555","33","N","10:25","M",579,"10:30","coho","2.1",64.18191,-160.9575,"5-5/8 in",54,58,1,"",75,"5","8/12/2020 10:30",1597228200,"4,5,U",NA,"1a","8/13/2020 20:54",1597380869,152669,"1d 18H 24M 29S","6","U",225,"2020",1.1
"185","5575","33","N","10:26","M",554,"10:31","coho","2.1",64.18191,-160.9575,"5-5/8 in",54,58,1,"",75,"5","8/12/2020 10:31",1597228260,"4,5,U",NA,"1a","8/14/2020 21:04",1597467896,239636,"2d 18H 33M 56S","6","U",225,"2020",1.1
"186","5595","33","S","10:27","F",585,"10:32","coho","2.1",64.18191,-160.9575,"5-5/8 in",54,58,1,"",75,"5","8/12/2020 10:32",1597228320,"4,5","U","1b","8/15/2020 12:00",1597492800,264480,"3d 1H 28M 0S","6","U",225,"2020",1.1
"187","5615","33","S","10:37","F",481,"10:42","coho","2.1",64.18191,-160.9575,"5-5/8 in",54,58,1,"",75,"5","8/12/2020 10:42",1597228920,"S",NA,"1a","8/15/2020 23:08",1597561714,332794,"3d 20H 26M 34S","5","S",225,"2020",1.1
"188","5655","33","N","10:42","F",513,"10:56","coho","2.1",64.18191,-160.9575,"5-5/8 in",54,58,1,"",75,"5","8/12/2020 10:56",1597229760,"4,5,6,G",NA,"1a","8/15/2020 15:31",1597534313,304553,"3d 12H 35M 53S","6","G",225,"2020",1.1
"189","5675","33","S","11:03","F",561,"11:10","coho","2.1",64.18191,-160.9575,"5-7/8 in",54,58,1,"",75,"5","8/12/2020 11:10",1597230600,"5,6,7",NA,"2a","8/21/2020 14:13",1598047980,817380,"9d 11H 3M 0S","S",NA,225,"2020",1.1
"190","5715","33","S","11:15","F",517,"11:27","coho","2.1",64.18191,-160.9575,"5-7/8 in",54,58,1,"",75,"5","8/12/2020 11:27",1597231620,"4,5,6,G,7",NA,"2a","8/16/2020 18:50",1597632617,400997,"4d 15H 23M 17S","S",NA,225,"2020",1.1
"191","5735","33","N","11:19","M",494,"11:27","coho","2.1",64.18191,-160.9575,"5-7/8 in",54,58,1,"",75,"5","8/12/2020 11:27",1597231620,"4,5","U","1b","8/14/2020 9:00",1597395600,163980,"1d 21H 33M 0S","6","U",225,"2020",1.1
"192","5755","33","S","11:52","F",554,"11:57","coho","3",64.18191,-160.9575,"5-7/8 in",54,58,1,"",75,"5","8/12/2020 11:57",1597233420,"S",NA,"1a","8/19/2020 19:18",1597893512,660092,"7d 15H 21M 32S","5","S",225,"2020",1.1
"193","5795","33","N","12:14","F",549,"12:24","coho","2.1",64.18191,-160.9575,"5-7/8 in",54,58,1,"",75,"5","8/12/2020 12:24",1597235040,"4,5,U",NA,"1a","8/13/2020 20:43",1597380187,145147,"1d 16H 19M 7S","6","U",225,"2020",1.1
"194","5815","33","S","12:29","M",567,"12:42","coho","3",64.18191,-160.9575,"5-7/8 in",54,58,1,"",75,"5","8/12/2020 12:42",1597236120,"4,5,U",NA,"1a","8/13/2020 20:09",1597378158,142038,"1d 15H 27M 18S","6","U",225,"2020",1.1
"195","5835","33","S","12:29","F",535,"12:43","coho","2.1",64.18191,-160.9575,"5-7/8 in",54,58,1,"",75,"5","8/12/2020 12:43",1597236180,"3,2,N",NA,"4",NA,NA,NA,NA,"4",NA,225,"2020",1.1
"196","5875","33","S","13:11","F",583,"13:21","coho","2.1",64.18191,-160.9575,"5-7/8 in",54,58,1,"",75,"5","8/12/2020 13:21",1597238460,"4,5,6,7",NA,"2a","8/15/2020 10:03",1597514599,276139,"3d 4H 42M 19S","S",NA,225,"2020",1.1
"197","5915","33","S","13:30","F",555,"13:35","coho","1.1",64.18191,-160.9575,"combined",54,58,1,"",75,"5","8/12/2020 13:35",1597239300,"4,4,5,U",NA,"1a","8/15/2020 14:46",1597531574,292274,"3d 9H 11M 14S","6","U",225,"2020",1.1
"198","5955","33","S","13:53","M",520,"14:05","coho","2.1",64.18191,-160.9575,"combined",54,58,1,"",75,"5","8/12/2020 14:05",1597241100,"4,5,U",NA,"1a","8/13/2020 15:29",1597361397,120297,"1d 9H 24M 57S","6","U",225,"2020",1.1
"199","5995","33","S","13:56","F",549,"14:05","coho","2.1",64.18191,-160.9575,"combined",54,58,1,"",75,"5","8/12/2020 14:05",1597241100,"4,5,6,7",NA,"2a","8/14/2020 14:11",1597443067,201967,"2d 8H 6M 7S","S",NA,225,"2020",1.1
"200","6015","33","S","14:12","M",485,"14:18","coho","1.1",64.18191,-160.9575,"combined",54,58,1,"",75,"5","8/12/2020 14:18",1597241880,"S",NA,"1a","8/15/2020 10:55",1597517723,275843,"3d 4H 37M 23S","5","S",225,"2020",1.1
"201","6055","33","S","14:13","M",544,"14:18","coho","2.1",64.18191,-160.9575,"combined",54,61,1,"",75,"5","8/12/2020 14:18",1597241880,"4,5,U",NA,"1a","8/13/2020 18:36",1597372574,130694,"1d 12H 18M 14S","6","U",225,"2020",1.1
"202","6075","33","S","14:14","F",494,"14:19","coho","1.1",64.18191,-160.9575,"combined",54,61,1,"",75,"5","8/12/2020 14:19",1597241940,"S",NA,"1a","8/16/2020 8:48",1597596501,354561,"4d 2H 29M 21S","5","S",225,"2020",1.1
"203","6095","33","S","14:28","F",575,"14:33","coho","3",64.18191,-160.9575,"5-7/8 in",54,61,1,"",75,"5","8/12/2020 14:33",1597242780,"4,5,U",NA,"1a","8/14/2020 6:50",1597416644,173864,"2d 0H 17M 44S","6","U",225,"2020",1.1
"204","6115","33","S","14:30","F",515,"14:35","coho","8",64.18191,-160.9575,"5-7/8 in",54,61,1,"",75,"5","8/12/2020 14:35",1597242900,"4,5,U",NA,"1a","8/13/2020 18:11",1597371094,128194,"1d 11H 36M 34S","6","U",225,"2020",1.1
"205","6135","33","S","14:52","F",519,"15:00","coho","2.1",64.18191,-160.9575,"5-7/8 in",54,61,1,"",75,"5","8/12/2020 15:00",1597244400,"4,E",NA,"4",NA,NA,NA,NA,"6",NA,225,"2020",1.1
"206","6175","33","N","15:05","M",559,"15:10","coho","2.1",64.18191,-160.9575,"5-7/8 in",54,61,1,"",75,"5","8/12/2020 15:10",1597245000,"4,5","U","1b","8/22/2020 17:00",1598115600,870600,"10d 1H 50M 0S","6","U",225,"2020",1.1
"207","6215","33","N","9:23","F",510,"9:32","coho","2.1",64.29974,-161.10029,"5-5/8 in",56,57,2,"W",100,"5","8/13/2020 9:32",1597311120,NA,"S","1c","8/15/2020 12:00",1597492800,181680,"2d 2H 28M 0S","5","S",226,"2020",0.875
"208","6275","33","S","9:41","M",556,"9:46","coho","2.1",64.29974,-161.10029,"5-5/8 in",56,57,2,"W",100,"5","8/13/2020 9:46",1597311960,"S",NA,"1a","8/16/2020 6:21",1597587714,275754,"3d 4H 35M 54S","5","S",226,"2020",0.875
"209","6315","33","S","9:56","F",568,"10:01","coho","3",64.29974,-161.10029,"5-7/8 in",56,57,2,"W",100,"5","8/13/2020 10:01",1597312860,"S",NA,"1a","8/15/2020 13:51",1597528280,215420,"2d 11H 50M 20S","5","S",226,"2020",0.875
"210","6335","33","S","10:39","M",581,"10:43","coho","2.1",64.29974,-161.10029,"5-5/8 in",56,57,2,"W",100,"5","8/13/2020 10:43",1597315380,"4,5,5,6,6,7",NA,"2a","8/16/2020 9:35",1597599335,283955,"3d 6H 52M 35S","S",NA,226,"2020",0.875
"211","6375","33","S","10:57","F",557,"10:59","coho","2.1",64.29974,-161.10029,"5-5/8 in",56,57,2,"W",100,"5","8/13/2020 10:59",1597316340,"3,2,N",NA,"4",NA,NA,NA,NA,"4",NA,226,"2020",0.875
"212","6395","33","S","10:57","F",506,"11:03","coho","1.1",64.29974,-161.10029,"5-5/8 in",56,57,2,"W",100,"5","8/13/2020 11:03",1597316580,"T",NA,"1a","8/15/2020 7:59",1597507165,190585,"2d 4H 56M 25S","5","T",226,"2020",0.875
"213","6415","34","S","11:34","M",509,"11:37","coho","1.1",64.30146,-161.10429,"5-5/8 in",69,58,12,"S",0,"5","8/17/2020 11:37",1597664220,"3,2,3,4,5,6,7",NA,"2a","8/23/2020 11:48",1598212130,547910,"6d 8H 11M 50S","S",NA,230,"2020",1.125
"214","6475","34","N","12:13","F",587,"12:16","coho","3.1",64.30146,-161.10429,"5-5/8 in",69,58,12,"S",0,"5","8/17/2020 12:16",1597666560,"S",NA,"1a","8/22/2020 5:27",1598102858,436298,"5d 1H 11M 38S","5","S",230,"2020",1.125
"215","6535","34","S","13:37","M",551,"13:42","coho","1.1",64.30146,-161.10429,"5-7/8 in",69,58,1,"",0,"5","8/17/2020 13:42",1597671720,"S","S","1b","8/21/2020 1:22",1598001759,330039,"3d 19H 40M 39S","5","S",230,"2020",1.125
"216","6555","34","N","13:45","M",554,"13:49","coho","2.1",64.30146,-161.10429,"5-7/8 in",69,58,1,"",0,"5","8/17/2020 13:49",1597672140,"S",NA,"1a","8/22/2020 7:15",1598109340,437200,"5d 1H 26M 40S","5","S",230,"2020",1.125
"217","6575","34","N","14:16","F",484,"14:23","coho","1.1",64.30146,-161.10429,"5-7/8 in",69,58,1,"",0,"5","8/17/2020 14:23",1597674180,"4,5,U",NA,"1a","8/20/2020 17:17",1597972669,298489,"3d 10H 54M 49S","6","U",230,"2020",1.125
"218","6595","34","S","14:41","F",585,"14:48","coho","2.1",64.30146,-161.10429,"5-7/8 in",69,58,1,"",0,"5","8/17/2020 14:48",1597675680,"S",NA,"1a","8/21/2020 20:41",1598071272,395592,"4d 13H 53M 12S","5","S",230,"2020",1.125
"219","6635","34","N","15:00","M",532,"15:08","coho","1.1",64.30146,-161.10429,"5-7/8 in",69,58,1,"",0,"5","8/17/2020 15:08",1597676880,"6,7",NA,"2a","8/20/2020 12:16",1597954575,277695,"3d 5H 8M 15S","S",NA,230,"2020",1.125
"220","6655","34","N","15:15","M",503,"15:20","coho","3",64.30146,-161.10429,"5-7/8 in",69,58,1,"",0,"5","8/17/2020 15:20",1597677600,"T",NA,"1a","8/19/2020 12:05",1597867518,189918,"2d 4H 45M 18S","5","T",230,"2020",1.125
"221","6675","34","N","15:29","F",510,"15:33","coho","3",64.30146,-161.10429,"5-7/8 in",69,58,1,"",0,"5","8/17/2020 15:33",1597678380,"S",NA,"1a","8/18/2020 21:52",1597816356,137976,"1d 14H 19M 36S","5","S",230,"2020",1.125
"222","6695","34","S","15:49","F",561,"15:53","coho","2.1",64.30146,-161.10429,"5-7/8 in",69,58,1,"",0,"5","8/17/2020 15:53",1597679580,"S",NA,"1a","8/19/2020 8:09",1597853367,173787,"2d 0H 16M 27S","5","S",230,"2020",1.125
"223","6715","34","S","16:10","F",537,"16:15","coho","2.1",64.30146,-161.10429,"5-7/8 in",69,58,1,"",0,"5","8/17/2020 16:15",1597680900,"S",NA,"1a","8/21/2020 15:51",1598053867,372967,"4d 7H 36M 7S","5","S",230,"2020",1.125
"224","6755","34","N","13:37","F",489,"13:41","coho","1.1",64.27301,-161.04781,"5-5/8 in",64,60,NA,"",NA,"5","8/18/2020 13:41",1597758060,"4,5,U",NA,"1a","8/20/2020 21:35",1597988145,230085,"2d 15H 54M 45S","6","U",231,"2020",2.25
"225","6775","34","N","13:37","M",584,"13:43","coho","2.1",64.27301,-161.04781,"5-5/8 in",64,60,NA,"",NA,"5","8/18/2020 13:43",1597758180,"3,3",NA,"2a","8/22/2020 19:35",1598153750,395570,"4d 13H 52M 50S","N",NA,231,"2020",2.25
"226","6815","34","N","14:59","M",552,"15:03","coho","2.1",64.27301,-161.04781,"5-5/8 in",64,60,NA,"",NA,"5","8/18/2020 15:03",1597762980,"4,5,U",NA,"1a","8/21/2020 17:42",1598060533,297553,"3d 10H 39M 13S","6","U",231,"2020",2.25
"227","6875","34","S","9:27","M",486,"9:33","coho","1.1",64.31762,-161.13248,"5-7/8 in",56,59,5,"W",100,"5","8/20/2020 9:33",1597915980,"S",NA,"1a","8/23/2020 23:23",1598253811,337831,"3d 21H 50M 31S","5","S",233,"2020",0.3
"228","6895","34","S","10:03","M",526,"10:15","coho","3",64.31762,-161.13248,"5-7/8 in",56,59,5,"W",100,"5","8/20/2020 10:15",1597918500,"T,S",NA,"1a","8/24/2020 20:00",1598328024,409524,"4d 17H 45M 24S","5","S",233,"2020",0.3
"229","6935","34","N","10:54","F",556,"11:00","coho","2.1",64.31762,-161.13248,"5-7/8 in",56,59,5,"W",100,"5","8/20/2020 11:00",1597921200,"S",NA,"1a","8/22/2020 10:05",1598119532,198332,"2d 7H 5M 32S","5","S",233,"2020",0.3
"230","6955","34","S","10:55","M",509,"11:00","coho","1.1",64.31762,-161.13248,"5-7/8 in",56,59,5,"W",100,"5","8/20/2020 11:00",1597921200,"4,5,U",NA,"1a","8/23/2020 21:10",1598245858,324658,"3d 18H 10M 58S","6","U",233,"2020",0.3
"231","6975","34","N","11:10","M",502,"11:15","coho","1.1",64.31762,-161.13248,"5-7/8 in",56,59,5,"W",100,"5","8/20/2020 11:15",1597922100,"T",NA,"1a","8/24/2020 21:52",1598334742,412642,"4d 18H 37M 22S","5","T",233,"2020",0.3
"232","6995","34","N","11:32","M",529,"11:36","coho","2.1",64.31762,-161.13248,"5-7/8 in",56,59,5,"W",100,"5","8/20/2020 11:36",1597923360,"4,5,U",NA,"1a","8/23/2020 2:46",1598179611,256251,"2d 23H 10M 51S","6","U",233,"2020",0.3
"233","7015","34","S","11:59","M",554,"12:05","coho","2.1",64.31762,-161.13248,"5-7/8 in",56,59,5,"W",100,"5","8/20/2020 12:05",1597925100,"4,5,5,U",NA,"1a","8/23/2020 20:43",1598244223,319123,"3d 16H 38M 43S","6","U",233,"2020",0.3
"234","7035","34","S","12:23","M",525,"12:26","coho","3",64.31762,-161.13248,"5-7/8 in",56,59,5,"W",100,"5","8/20/2020 12:26",1597926360,"S,S,T",NA,"1a","8/28/2020 23:28",1598686091,759731,"8d 19H 2M 11S","5","T",233,"2020",0.3
"235","7055","34","S","12:36","M",569,"12:39","coho","1.1",64.31762,-161.13248,"5-7/8 in",56,59,5,"W",100,"5","8/20/2020 12:39",1597927140,"4,5,6,7",NA,"2a","8/23/2020 12:30",1598214613,287473,"3d 7H 51M 13S","S",NA,233,"2020",0.3
"236","7075","34","N","12:46","F",573,"12:49","coho","3",64.31762,-161.13248,"5-7/8 in",56,59,5,"W",100,"5","8/20/2020 12:49",1597927740,"S",NA,"1a","8/24/2020 17:42",1598319775,392035,"4d 12H 53M 55S","5","S",233,"2020",0.3
"237","7115","34","N","13:08","M",542,"13:12","coho","1.1",64.31762,-161.13248,"5-7/8 in",56,59,5,"W",100,"5","8/20/2020 13:12",1597929120,"S",NA,"1a","8/21/2020 19:40",1598067640,138520,"1d 14H 28M 40S","5","S",233,"2020",0.3
"238","7135","34","N","13:09","M",534,"13:15","coho","1.1",64.31762,-161.13248,"5-7/8 in",56,59,5,"W",100,"5","8/20/2020 13:15",1597929300,"4,5,U",NA,"1a","8/22/2020 15:59",1598140797,211497,"2d 10H 44M 57S","6","U",233,"2020",0.3
"239","7155","34","N","14:34","M",520,"14:37","coho","2.1",64.28782,-161.07748,"5-7/8 in",56,60,1,"",100,"5","8/20/2020 14:37",1597934220,"S",NA,"1a","8/21/2020 23:00",1598079648,145428,"1d 16H 23M 48S","5","S",233,"2020",0.4
"240","7175","34","S","14:39","M",524,"14:50","coho","3.1",64.28782,-161.07748,"5-7/8 in",56,60,1,"",100,"5","8/20/2020 14:50",1597935000,"S",NA,"1a","8/22/2020 17:48",1598147304,212304,"2d 10H 58M 24S","5","S",233,"2020",0.4
"241","7195","34","S","14:46","F",558,"14:50","coho","3",64.28782,-161.07748,"5-7/8 in",56,60,1,"",100,"5","8/20/2020 14:50",1597935000,"S",NA,"1a","8/23/2020 6:26",1598192804,257804,"2d 23H 36M 44S","5","S",233,"2020",0.4
"242","7215","35","N","14:23","M",654,"14:26","coho","2.1",64.30094,-161.10243,"5-7/8 in",58,58,5,"S",NA,"5","8/24/2020 14:26",1598279160,"4,5,U",NA,"1a","8/26/2020 22:38",1598510318,231158,"2d 16H 12M 38S","6","U",237,"2020",0.15
"243","7235","35","N","14:50","M",555,"14:54","coho","3",64.30094,-161.10243,"5-7/8 in",58,58,5,"S",NA,"5","8/24/2020 14:54",1598280840,"4,E",NA,"4",NA,NA,NA,NA,"6",NA,237,"2020",0.15
"244","7295","35","S","16:32","M",544,"16:39","coho","1.1",64.27122,-161.04342,"5-7/8 in",60,59,1,"",50,"5","8/24/2020 16:39",1598287140,"S",NA,"1a","8/28/2020 21:48",1598680119,392979,"4d 13H 9M 39S","5","S",237,"2020",0.15
"245","7355","35","S","18:03","F",509,"18:11","coho","1.1",64.31762,-161.13248,"5-7/8 in",60,60,1,"",25,"5","8/24/2020 18:11",1598292660,"S",NA,"1a","8/28/2020 20:17",1598674642,381982,"4d 10H 6M 22S","5","S",237,"2020",0.3
"246","7395","35","S","18:35","F",534,"18:40","coho","2.1",64.31762,-161.13248,"5-5/8 in",60,60,1,"",25,"5","8/24/2020 18:40",1598294400,"4,5,U","U","1b","8/26/2020 14:47",1598482027,187627,"2d 4H 7M 7S","6","U",237,"2020",0.3
"247","7415","35","N","18:50","M",564,"18:56","coho","2.1",64.31762,-161.13248,"5-7/8 in",60,60,1,"",25,"5","8/24/2020 18:56",1598295360,"4,E",NA,"4",NA,NA,NA,NA,"6",NA,237,"2020",0.3
"248","7475","35","S","10:02","F",575,"10:07","coho","3",64.18224,-160.95758,"5-7/8 in",54,58,1,"",100,"5","8/25/2020 10:07",1598350020,"4,5,U",NA,"1a","8/26/2020 19:21",1598498467,148447,"1d 17H 14M 7S","6","U",238,"2020",1.25
"249","7615","35","S","10:35","F",575,"10:44","coho","3",64.18224,-160.95758,"5-5/8 in",54,58,1,"",100,"5","8/25/2020 10:44",1598352240,"3,2,3,S",NA,"1a","9/3/2020 10:44",1599158663,806423,"9d 8H 0M 23S","5","S",238,"2020",1.25
"250","7675","35","S","10:36","M",556,"10:53","coho","1.1",64.18224,-160.95758,"5-5/8 in",54,58,1,"",100,"5","8/25/2020 10:53",1598352780,"3",NA,"2a","8/27/2020 19:31",1598585510,232730,"2d 16H 38M 50S","N",NA,238,"2020",1.25
"251","7695","35","N","11:12","M",535,"11:15","coho","2.1",64.18224,-160.95758,"5-5/8 in",54,58,1,"",100,"5","8/25/2020 11:15",1598354100,"4,5,6,7",NA,"2a","8/27/2020 14:17",1598566651,212551,"2d 11H 2M 31S","S",NA,238,"2020",1.25
"252","7815","35","N","13:23","F",562,"13:27","coho","1.1",64.24375,-160.9934,"5-7/8 in",58,60,1,"",75,"5","8/25/2020 13:27",1598362020,"S",NA,"1a","8/28/2020 9:09",1598634590,272570,"3d 3H 42M 50S","5","S",238,"2020",0.95
"253","7835","35","S","13:59","M",546,"14:02","coho","1.1",64.24375,-160.9934,"5-7/8 in",58,60,1,"",75,"5","8/25/2020 14:02",1598364120,"4,5,U",NA,"1a","8/26/2020 18:33",1598495632,131512,"1d 12H 31M 52S","6","U",238,"2020",0.95
"254","7895","35","S","9:50","F",536,"10:00","coho","3",64.20171,-160.95265,"5-7/8 in",52,60,1,"SE",50,"5","8/26/2020 10:00",1598436000,"4,7",NA,"2a","8/27/2020 22:36",1598596593,160593,"1d 20H 36M 33S","S",NA,239,"2020",1.35
"255","7935","35","S","11:48","F",541,"11:51","coho","3",64.2718,-161.04591,"5-7/8 in",50,60,1,"E",50,"5","8/26/2020 11:51",1598442660,"S",NA,"1a","8/27/2020 22:55",1598597729,155069,"1d 19H 4M 29S","5","S",239,"2020",1.375
"256","7955","35","S","12:03","F",563,"12:08","coho","2.1",64.2718,-161.04591,"5-7/8 in",50,60,1,"E",50,"5","8/26/2020 12:08",1598443680,"4,5,U",NA,"1a","8/28/2020 21:38",1598679490,235810,"2d 17H 30M 10S","6","U",239,"2020",1.375
"257","7975","35","S","12:17","M",508,"12:24","coho","3.1",64.2718,-161.04591,"5-7/8 in",50,60,1,"E",50,"5","8/26/2020 12:24",1598444640,"S",NA,"1a","8/27/2020 17:44",1598579092,134452,"1d 13H 20M 52S","5","S",239,"2020",1.375
"258","110","32","N","15:09","M",524,"15:15","coho",NA,63.95464,-160.85338,"5-7/8 in",75,NA,10,"E",89,"6a","8/4/2021 15:15",1628090100,"5,U",NA,"1a","8/7/2021 8:57",1628355439,265339,"3d 1H 42M 19S","6","U",216,"2021",1.2
"259","210","33","S","13:57","M",568,"14:06","coho",NA,64.04228,-160.93012,"5-5/8 in",75,56.13,0,"",100,"6a","8/8/2021 14:06",1628431560,"5,U","U","1b","8/15/2021 14:47",1629067664,636104,"7d 8H 41M 44S","6","U",220,"2021",1.375
"260","270","33","N","14:58","M",583,"15:05","coho",NA,64.04228,-160.93012,"5-5/8 in",75,56.13,0,"",100,"6a","8/8/2021 15:05",1628435100,"4,U","U","1b","8/13/2021 22:38",1628923118,488018,"5d 15H 33M 38S","6","U",220,"2021",1.375
"261","310","33","S","15:16","M",544,"15:22","coho",NA,64.04228,-160.93012,"5-5/8 in",75,56.13,0,"",100,"6a","8/8/2021 15:22",1628436120,"4,U","U","1b","8/12/2021 6:48",1628779735,343615,"3d 23H 26M 55S","6","U",220,"2021",1.375
"262","390","33","N","12:37","F",466,"12:43","coho",NA,64.00259,-160.90355,"5-5/8 in",NA,52.06,0,"",100,"6a","8/9/2021 12:43",1628512980,"5,U","U","1b","8/10/2021 11:56",1628625392,112412,"1d 7H 13M 32S","6","U",221,"2021",0.625
"263","430","33","N","13:58","F",519,"14:03","coho",NA,64.00259,-160.90355,"5-5/8 in",NA,52.06,0,"",100,"6a","8/9/2021 14:03",1628517780,"5,U",NA,"1a","8/10/2021 14:02",1628632930,115150,"1d 7H 59M 10S","6","U",221,"2021",0.625
"264","450","33","N","14:15","F",457,"14:23","coho",NA,64.00259,-160.90355,"5-5/8 in",NA,52.06,0,"",100,"6a","8/9/2021 14:23",1628518980,"5,U",NA,"1a","8/10/2021 11:13",1628622810,103830,"1d 4H 50M 30S","6","U",221,"2021",0.625
"265","470","33","N","15:14","F",566,"15:20","coho",NA,63.954632,-160.854024,"5-5/8 in",NA,NA,NA,"",100,"6a","8/9/2021 15:20",1628522400,"5,5,U",NA,"1a","8/15/2021 1:35",1629020100,497700,"5d 18H 15M 0S","6","U",221,"2021",1.2
"266","490","33","N","15:42","M",528,"15:46","coho",NA,63.954632,-160.854024,"5-5/8 in",NA,NA,NA,"",100,"6a","8/9/2021 15:46",1628523960,"5,U",NA,"1a","8/11/2021 13:54",1628718891,194931,"2d 6H 8M 51S","6","U",221,"2021",1.2
"267","510","33","S","15:50","F",555,"15:56","coho",NA,63.954632,-160.854024,"5-5/8 in",NA,NA,NA,"",100,"6a","8/9/2021 15:56",1628524560,"5,5,U",NA,"1a","8/12/2021 20:30",1628829009,304449,"3d 12H 34M 9S","6","U",221,"2021",1.2
"268","570","33","S","16:07","M",572,"16:29","coho",NA,63.954632,-160.854024,"5-5/8 in",NA,NA,NA,"",100,"6a","8/9/2021 16:29",1628526540,"5,U",NA,"1a","8/10/2021 19:25",1628652323,125783,"1d 10H 56M 23S","6","U",221,"2021",1.2
"269","590","33","N","10:39","M",516,"10:45","coho",NA,63.95564,-160.85443,"5-5/8 in",NA,50.02,6,"NW",90,"6a","8/10/2021 10:45",1628592300,"5,U",NA,"1a","8/13/2021 23:09",1628924951,332651,"3d 20H 24M 11S","6","U",222,"2021",0.375
"270","610","33","N","11:07","F",504,"11:12","coho",NA,63.95564,-160.85443,"5-5/8 in",NA,50.02,6,"NW",90,"6a","8/10/2021 11:12",1628593920,"5,U",NA,"1a","8/11/2021 7:21",1628695261,101341,"1d 4H 9M 1S","6","U",222,"2021",0.375
"271","630","33","S","12:00","M",501,"12:08","coho",NA,63.95564,-160.85443,"5-5/8 in",NA,50.02,6,"NW",90,"6a","8/10/2021 12:08",1628597280,"5,5,U",NA,"1a","8/11/2021 23:12",1628752354,155074,"1d 19H 4M 34S","6","U",222,"2021",0.375
"272","650","33","N","13:00","F",538,"13:08","coho",NA,63.95564,-160.85443,"5-5/8 in",NA,50.02,6,"NW",90,"6a","8/10/2021 13:08",1628600880,"5,U",NA,"1a","8/11/2021 5:53",1628690023,89143,"1d 0H 45M 43S","6","U",222,"2021",0.375
"273","670","33","N","13:14","F",562,"13:18","coho",NA,63.95564,-160.85443,"5-5/8 in",NA,50.02,6,"NW",90,"6a","8/10/2021 13:18",1628601480,"5,U",NA,"1a","8/11/2021 13:20",1628716839,115359,"1d 8H 2M 39S","6","U",222,"2021",0.375
"274","690","33","S","13:58","M",470,"14:07","coho",NA,63.91186,-160.81835,"5-5/8 in",NA,50.02,2.5,"NW",25,"6b","8/10/2021 14:07",1628604420,"U","U","1b","8/11/2021 15:41",1628725265,120845,"1d 9H 34M 5S","6","U",222,"2021",0.625
"275","710","33","","14:26","M",568,"14:32","coho",NA,63.91186,-160.81835,"5-5/8 in",NA,50.02,2.5,"NW",25,"6b","8/10/2021 14:32",1628605920,"U",NA,"1a","8/14/2021 21:40",1629006050,400130,"4d 15H 8M 50S","6","U",222,"2021",0.625
"276","770","33","S","10:11","M",548,"10:16","coho",NA,63.91186,-160.81835,"5-5/8 in",NA,50.02,10,"NW",0,"6b","8/12/2021 10:16",1628763360,"5,5,5,U","U","1b","8/14/2021 19:41",1628998866,235506,"2d 17H 25M 6S","6","U",224,"2021",0.375
"277","870","34","S","10:19","F",561,"10:24","coho",NA,63.94366,-160.84396,"5-5/8 in",51,52,3.5,"N",50,"6b","8/17/2021 10:24",1629195840,"U",NA,"1a","8/21/2021 10:05",1629569100,373260,"4d 7H 41M 0S","6","U",229,"2021",0.625
"278","890","34","S","9:59","M",596,"10:05","coho",NA,63.94366,-160.84396,"5-5/8 in",51,52,3.5,"N",50,"6b","8/17/2021 10:05",1629194700,"6,U",NA,"1a","8/19/2021 23:14",1629443647,248947,"2d 21H 9M 7S","6","U",229,"2021",0.625
"279","930","34","S","11:39","M",543,"11:43","coho",NA,63.94366,-160.84396,"5-5/8 in",51,52,3.5,"N",50,"6b","8/17/2021 11:43",1629200580,"U,4,2",NA,"1a","8/30/2021 3:24",1630322678,1122098,"12d 23H 41M 38S","4","2",229,"2021",0.625
"280","970","34","S","11:58","M",494,"12:03","coho",NA,63.94366,-160.84396,"5-5/8 in",51,52,3.5,"N",50,"6b","8/17/2021 12:03",1629201780,NA,"U","1c","8/19/2021 14:00",1629381600,179820,"2d 1H 57M 0S","6","U",229,"2021",0.625
"281","1010","34","S","12:28","M",553,"12:31","coho",NA,63.94366,-160.84396,"5-5/8 in",51,52,3.5,"N",50,"6b","8/17/2021 12:31",1629203460,"5,7,5,6,7",NA,"2a","8/21/2021 23:24",1629617087,413627,"4d 18H 53M 47S","S",NA,229,"2021",0.625
"282","1030","34","S","12:35","M",526,"12:41","coho",NA,63.94366,-160.84396,"5-5/8 in",51,52,3.5,"N",50,"6b","8/17/2021 12:41",1629204060,NA,"U","1c","8/17/2021 22:00",1629237600,33540,"9H 19M 0S","6","U",229,"2021",0.625
"283","1070","34","S","13:03","M",515,"13:09","coho",NA,63.94366,-160.84396,"5-5/8 in",51,52,3.5,"N",50,"6b","8/17/2021 13:09",1629205740,"U",NA,"1a","8/22/2021 6:28",1629642519,436779,"5d 1H 19M 39S","6","U",229,"2021",0.625
"284","1090","35","N","9:31","F",533,"9:37","coho",NA,63.89247,-160.80774,"5-5/8 in",44,NA,13,"E",85,"6b","8/22/2021 9:37",1629625020,"U",NA,"1a","8/24/2021 1:16",1629796573,171553,"1d 23H 39M 13S","6","U",234,"2021",0.3
"285","1110","35","S","9:55","F",556,"10:00","coho",NA,63.93864,-160.80104,"5-5/8 in",48,NA,3.5,"E",100,"6b","8/22/2021 10:00",1629626400,"U","U","1b","8/23/2021 21:51",1629784308,157908,"1d 19H 51M 48S","6","U",234,"2021",0.3
"286","1130","35","S","10:40","M",551,"11:30","coho",NA,63.93864,-160.80104,"5-5/8 in",48,NA,3.5,"E",100,"6b","8/22/2021 11:30",1629631800,"6,7","U","1b","9/1/2021 20:00",1630526400,894600,"10d 8H 30M 0S","6","U",234,"2021",0.3
"287","1210","35","S","12:20","F",537,"12:32","coho",NA,63.98006,-160.88265,"5-5/8 in",50,NA,2,"E",100,"6a","8/22/2021 12:32",1629635520,"5","U","1b","9/8/2021 12:00",1631102400,1466880,"16d 23H 28M 0S","6","U",234,"2021",0.75
"288","1310","35","S","12:15","M",559,"12:25","coho",NA,64.03472,-160.92481,"5-5/8 in",54,NA,3,"E",90,"6a","8/23/2021 12:25",1629721500,"5,U",NA,"1a","8/24/2021 10:42",1629830566,109066,"1d 6H 17M 46S","6","U",235,"2021",1.25
"289","1350","35","S","12:38","M",528,"12:45","coho",NA,64.03472,-160.92481,"5-5/8 in",54,NA,3,"E",90,"6a","8/23/2021 12:45",1629722700,"5,U",NA,"1a","8/24/2021 21:28",1629869291,146591,"1d 16H 43M 11S","6","U",235,"2021",1.25
"290","1370","35","S","12:48","M",560,"12:53","coho",NA,64.03472,-160.92481,"5-5/8 in",54,NA,3,"E",90,"6a","8/23/2021 12:53",1629723180,"5,U",NA,"1a","8/24/2021 12:16",1629836178,112998,"1d 7H 23M 18S","6","U",235,"2021",1.25
"291","1390","35","N","13:13","F",554,"13:18","coho",NA,64.03472,-160.92481,"5-5/8 in",54,NA,3,"E",90,"6a","8/23/2021 13:18",1629724680,"5,U",NA,"1a","8/24/2021 12:08",1629835721,111041,"1d 6H 50M 41S","6","U",235,"2021",1.25
"292","1430","35","N","13:22","M",531,"13:26","coho",NA,64.03472,-160.92481,"5-5/8 in",54,NA,3,"E",90,"6a","8/23/2021 13:26",1629725160,"5,5,4,3",NA,"2a","8/25/2021 19:42",1629949366,224206,"2d 14H 16M 46S","N",NA,235,"2021",1.25
"293","1450","35","N","13:32","F",545,"13:37","coho",NA,64.03472,-160.92481,"5-5/8 in",54,NA,3,"E",90,"6a","8/23/2021 13:37",1629725820,"5,U","U","1b","8/24/2021 21:03",1629867828,142008,"1d 15H 26M 48S","6","U",235,"2021",1.25
"294","1470","35","S","13:50","F",562,"13:53","coho",NA,64.03472,-160.92481,"5-5/8 in",54,NA,3,"E",90,"6a","8/23/2021 13:53",1629726780,"5,U",NA,"1a","8/25/2021 11:02",1629918147,191367,"2d 5H 9M 27S","6","U",235,"2021",1.25
"295","1510","35","N","13:58","F",578,"14:07","coho",NA,64.03472,-160.92481,"5-5/8 in",54,NA,3,"E",90,"6a","8/23/2021 14:07",1629727620,"5,U",NA,"1a","8/24/2021 12:55",1629838515,110895,"1d 6H 48M 15S","6","U",235,"2021",1.25
"296","1630","35","S","14:37","M",556,"15:18","coho",NA,64.03437,-160.92361,"5-5/8 in",54,NA,3,"E",50,"6a","8/23/2021 15:18",1629731880,"5,U",NA,"1a","8/24/2021 22:49",1629874183,142303,"1d 15H 31M 43S","6","U",235,"2021",1.25
"297","1650","35","S","14:37","F",545,"15:18","coho",NA,64.03437,-160.92361,"5-5/8 in",54,NA,3,"E",50,"6a","8/23/2021 15:18",1629731880,NA,"U","1c",NA,NA,NA,NA,"6","U",235,"2021",1.25
"298","1730","35","N","15:03","M",569,"15:18","coho",NA,64.03437,-160.92361,"5-5/8 in",54,NA,3,"E",50,"6a","8/23/2021 15:18",1629731880,"5,U",NA,"1a","8/24/2021 22:13",1629872003,140123,"1d 14H 55M 23S","6","U",235,"2021",1.25
"299","1770","35","","15:13","M",539,"15:19","coho",NA,64.03437,-160.92361,"5-5/8 in",54,NA,3,"E",50,"6a","8/23/2021 15:19",1629731940,"5,U",NA,"1a","8/24/2021 16:04",1629849858,117918,"1d 8H 45M 18S","6","U",235,"2021",1.25
"300","1870","35","","15:54","M",537,"16:03","coho",NA,64.03437,-160.92361,"5-5/8 in",54,NA,3,"E",50,"6a","8/23/2021 16:03",1629734580,"U",NA,"1a","8/24/2021 8:47",1629823644,89064,"1d 0H 44M 24S","6","U",235,"2021",1.25
"301","1970","35","S","10:35","F",599,"10:43","coho",NA,63.99048,-160.89789,"5-5/8 in",NA,NA,4,"E",95,"6a","8/24/2021 10:43",1629801780,NA,"U","1c","8/25/2021 13:00",1629896400,94620,"1d 2H 17M 0S","6","U",236,"2021",NA
"302","2010","35","S","10:55","M",527,"11:02","coho",NA,63.99048,-160.89789,"5-5/8 in",NA,NA,4,"E",95,"6a","8/24/2021 11:02",1629802920,NA,"U","1c","9/5/2021 12:00",1630843200,1040280,"12d 0H 58M 0S","6","U",236,"2021",NA
"303","2030","35","S","11:06","F",571,"11:15","coho",NA,63.99048,-160.89789,"5-5/8 in",NA,NA,4,"E",95,"6a","8/24/2021 11:15",1629803700,"5","U","1b","8/23/2021 23:59",1629763140,-40560,"-11H -16M 0S","6","U",236,"2021",NA
"304","2090","35","N","11:09","F",561,"11:22","coho",NA,63.99048,-160.89789,"5-5/8 in",NA,NA,4,"E",95,"6a","8/24/2021 11:22",1629804120,"5,U",NA,"1a","8/25/2021 13:22",1629926574,122454,"1d 10H 0M 54S","6","U",236,"2021",NA
"305","2130","35","N","11:10","M",503,"11:28","coho",NA,63.99048,-160.89789,"5-5/8 in",NA,NA,4,"E",95,"6a","8/24/2021 11:28",1629804480,"5","U","1b","8/29/2021 12:00",1630238400,433920,"5d 0H 32M 0S","6","U",236,"2021",NA
"306","2150","35","N","11:37","M",521,"11:45","coho",NA,63.99048,-160.89789,"5-5/8 in",NA,NA,4,"E",95,"6a","8/24/2021 11:45",1629805500,"5","U","1b","8/30/2021 17:00",1630342800,537300,"6d 5H 15M 0S","6","U",236,"2021",NA
"307","2170","35","N","11:37","M",560,"11:48","coho",NA,63.99048,-160.89789,"5-5/8 in",NA,NA,4,"E",95,"6a","8/24/2021 11:48",1629805680,NA,"U","1c","9/1/2021 10:00",1630490400,684720,"7d 22H 12M 0S","6","U",236,"2021",NA
"308","2290","35","N","13:00","M",559,"13:16","coho",NA,63.91177,-160.81755,"5-5/8 in",NA,NA,3,"NW",90,"6b","8/24/2021 13:16",1629810960,NA,"U","1c","8/25/2021 17:00",1629910800,99840,"1d 3H 44M 0S","6","U",236,"2021",1.1
"309","2330","35","N","13:34","M",629,"13:46","coho",NA,63.91177,-160.81755,"5-5/8 in",NA,NA,3,"NW",90,"6b","8/24/2021 13:46",1629812760,"U",NA,"1a","8/25/2021 11:09",1629918580,105820,"1d 5H 23M 40S","6","U",236,"2021",1.1
"310","2350","35","S","13:35","M",638,"12:42","coho",NA,63.91177,-160.81755,"5-5/8 in",NA,NA,3,"NW",90,"6b","8/24/2021 12:42",1629808920,NA,"U","1c","9/3/2021 12:00",1630670400,861480,"9d 23H 18M 0S","6","U",236,"2021",1.1
"311","4190","32","S","11:33","F",576,"11:45","coho",NA,64.18202,-160.95561,"5-7/8 in",NA,54.56,5,"NW",0,"5","8/3/2021 11:45",1627991100,"4,T",NA,"1a","8/5/2021 14:32",1628202768,211668,"2d 10H 47M 48S","5","T",215,"2021",0.8
"312","4250","32","N","12:16","F",560,"12:27","coho",NA,64.18202,-160.95561,"5-7/8 in",NA,54.56,5,"NW",0,"5","8/3/2021 12:27",1627993620,"4,5,U",NA,"1a","8/5/2021 9:52",1628185949,192329,"2d 5H 25M 29S","6","U",215,"2021",0.8
"313","4270","32","N","12:16","F",545,"12:31","coho",NA,64.18202,-160.95561,"5-7/8 in",NA,54.56,5,"NW",0,"5","8/3/2021 12:31",1627993860,"5,U",NA,"1a","8/6/2021 15:33",1628292784,298924,"3d 11H 2M 4S","6","U",215,"2021",0.8
"314","4330","32","S","13:08","F",539,"13:16","coho",NA,64.18202,-160.95561,"5-7/8 in",NA,54.56,5,"NW",0,"5","8/3/2021 13:16",1627996560,"4,4,S",NA,"1a","8/19/2021 16:45",1629420357,1423797,"16d 11H 29M 57S","5","S",215,"2021",0.8
"315","4350","32","N","13:22","M",520,"13:28","coho",NA,64.18202,-160.95561,"5-7/8 in",NA,54.56,5,"NW",0,"5","8/3/2021 13:28",1627997280,"4,S,S,3,3",NA,"2a","8/18/2021 6:33",1629297197,1299917,"15d 1H 5M 17S","N",NA,215,"2021",0.8
"316","4470","33","N","10:36","M",574,"10:42","coho",NA,64.28828,-161.07637,"5-7/8 in",NA,56,10,"W",100,"5","8/8/2021 10:42",1628419320,"4,5,U",NA,"1a","8/11/2021 20:54",1628744068,324748,"3d 18H 12M 28S","6","U",220,"2021",0.9
"317","4510","33","N","11:03","M",558,"11:09","coho",NA,64.28828,-161.07637,"5-7/8 in",NA,56,10,"W",100,"5","8/8/2021 11:09",1628420940,"S",NA,"1a","8/10/2021 16:25",1628641528,220588,"2d 13H 16M 28S","5","S",220,"2021",0.9
"318","4530","33","S","11:25","F",493,"11:31","coho",NA,64.28828,-161.07637,"5-7/8 in",NA,56,10,"W",100,"5","8/8/2021 11:31",1628422260,"T",NA,"1a","8/10/2021 13:34",1628631286,209026,"2d 10H 3M 46S","5","T",220,"2021",0.9
"319","4550","33","N","12:50","M",575,"12:56","coho",NA,64.27306,-161.0471,"5-7/8 in",NA,56,10,"W",100,"5","8/8/2021 12:56",1628427360,"4,5,U",NA,"1a","8/12/2021 22:47",1628837231,409871,"4d 17H 51M 11S","6","U",220,"2021",0.9
"320","4590","33","S","12:00","M",533,"12:14","coho",NA,64.358,-161.20599,"5-7/8 in",53,56,10,"NW",85,"5","8/10/2021 12:14",1628597640,"S",NA,"1a","8/16/2021 10:36",1629138961,541321,"6d 6H 22M 1S","5","S",222,"2021",1.15
"321","4610","33","N","12:27","M",516,"12:50","coho",NA,64.358,-161.20599,"5-7/8 in",53,56,10,"NW",85,"5","8/10/2021 12:50",1628599800,"S",NA,"1a","8/15/2021 15:24",1629069855,470055,"5d 10H 34M 15S","5","S",222,"2021",1.15
"322","4630","33","S","12:28","M",535,"12:56","coho",NA,64.358,-161.20599,"5-7/8 in",53,56,10,"NW",85,"5","8/10/2021 12:56",1628600160,"1",NA,"2a","8/12/2021 15:54",1628812447,212287,"2d 10H 58M 7S","N",NA,222,"2021",1.15
"323","4650","33","N","12:28","M",554,"12:56","coho",NA,64.358,-161.20599,"5-7/8 in",53,56,10,"NW",85,"5","8/10/2021 12:56",1628600160,"S",NA,"1a","8/15/2021 19:13",1629083587,483427,"5d 14H 17M 7S","5","S",222,"2021",1.15
"324","4690","33","S","13:02","F",588,"13:11","coho",NA,64.358,-161.20599,"5-7/8 in",53,56,10,"NW",85,"5","8/10/2021 13:11",1628601060,"3,3,2",NA,"1a","8/14/2021 4:23",1628943810,342750,"3d 23H 12M 30S","4","2",222,"2021",1.15
"325","4710","33","S","13:14","M",558,"13:28","coho",NA,64.358,-161.20599,"5-7/8 in",53,56,10,"NW",85,"5","8/10/2021 13:28",1628602080,"4,U","U","1b","8/15/2021 8:44",1629045867,443787,"5d 3H 16M 27S","6","U",222,"2021",1.15
"326","4750","33","N","13:20","M",566,"13:40","coho",NA,64.358,-161.20599,"5-7/8 in",53,56,10,"NW",85,"5","8/10/2021 13:40",1628602800,"3,3,S",NA,"1a","8/15/2021 23:07",1629097640,494840,"5d 17H 27M 20S","5","S",222,"2021",1.15
"327","4810","34","N","13:05","M",529,"13:14","coho",NA,64.31863,-161.13444,"5-7/8 in",46,52,10,"SE",20,"5","8/17/2021 13:14",1629206040,"S",NA,"1a","8/21/2021 8:15",1629562541,356501,"4d 3H 1M 41S","5","S",229,"2021",0.25
"328","4850","34","N","13:24","F",511,"13:31","coho",NA,64.31863,-161.13444,"5-7/8 in",46,52,10,"SE",20,"5","8/17/2021 13:31",1629207060,"4,5,U",NA,"1a","8/22/2021 14:54",1629672869,465809,"5d 9H 23M 29S","6","U",229,"2021",0.25
"329","4930","35","S","17:17","M",479,"17:23","coho",NA,64.32941,-161.15459,"5-5/8 in",54,50,6,"SE",85,"5","8/22/2021 17:23",1629652980,NA,"S","1c","8/25/2021 17:00",1629910800,257820,"2d 23H 37M 0S","5","S",234,"2021",0.4
"330","5030","35","N","11:27","M",529,"11:41","coho",NA,64.18222,-160.95553,"5-5/8 in",51,50,1.5,"E",25,"5","8/23/2021 11:41",1629718860,"4,5,U",NA,"1a","8/24/2021 16:59",1629853171,134311,"1d 13H 18M 31S","6","U",235,"2021",0.75
"331","5070","35","S","11:28","M",520,"11:48","coho",NA,64.18222,-160.95553,"5-5/8 in",51,50,1.5,"E",25,"5","8/23/2021 11:48",1629719280,"4","U","1b","8/25/2021 17:00",1629910800,191520,"2d 5H 12M 0S","6","U",235,"2021",0.75
"332","5110","35","S","11:29","F",525,"11:55","coho",NA,64.18222,-160.95553,"5-5/8 in",51,50,1.5,"E",25,"5","8/23/2021 11:55",1629719700,"4,7",NA,"2a","8/25/2021 13:07",1629925667,205967,"2d 9H 12M 47S","S",NA,235,"2021",0.75
"333","5150","35","S","12:01","M",579,"12:13","coho",NA,64.18222,-160.95553,"5-5/8 in",51,50,1.5,"E",25,"5","8/23/2021 12:13",1629720780,"1",NA,"2a","8/26/2021 1:36",1629970587,249807,"2d 21H 23M 27S","N",NA,235,"2021",0.75
"334","5190","35","N","12:13","F",554,"12:23","coho",NA,64.18222,-160.95553,"5-5/8 in",51,50,1.5,"E",25,"5","8/23/2021 12:23",1629721380,"4","U","1b","8/25/2021 13:00",1629896400,175020,"2d 0H 37M 0S","6","U",235,"2021",0.75
"335","5210","35","N","12:14","F",559,"12:26","coho",NA,64.18222,-160.95553,"5-5/8 in",51,50,1.5,"E",25,"5","8/23/2021 12:26",1629721560,"4,6,7",NA,"2a","8/25/2021 10:06",1629914773,193213,"2d 5H 40M 13S","S",NA,235,"2021",0.75
"336","5270","35","S","13:02","F",539,"13:11","coho",NA,64.18222,-160.95553,"5-5/8 in",51,50,1.5,"E",25,"5","8/23/2021 13:11",1629724260,"4,U",NA,"1a","8/25/2021 13:20",1629926438,202178,"2d 8H 9M 38S","6","U",235,"2021",0.75
"337","5310","35","S","13:23","M",586,"13:29","coho",NA,64.18222,-160.95553,"5-5/8 in",51,50,1.5,"E",25,"5","8/23/2021 13:29",1629725340,"4,5,U",NA,"1a","8/25/2021 3:13",1629889988,164648,"1d 21H 44M 8S","6","U",235,"2021",0.75
"338","5410","35","N","13:46","M",578,"13:56","coho",NA,64.18222,-160.95553,"5-5/8 in",51,50,1.5,"E",25,"5","8/23/2021 13:56",1629726960,"4,5","U","1b","8/23/2021 23:59",1629763140,36180,"10H 3M 0S","6","U",235,"2021",0.75
"339","5450","35","N","13:46","M",594,"14:02","coho",NA,64.18222,-160.95553,"5-5/8 in",51,50,1.5,"E",25,"5","8/23/2021 14:02",1629727320,"4","U","1b","9/3/2021 12:00",1630670400,943080,"10d 21H 58M 0S","6","U",235,"2021",0.75
"340","5470","35","N","13:48","M",516,"14:05","coho",NA,64.18222,-160.95553,"5-5/8 in",51,50,1.5,"E",25,"5","8/23/2021 14:05",1629727500,"4,5,U","U","1b","8/24/2021 19:53",1629863606,136106,"1d 13H 48M 26S","6","U",235,"2021",0.75
"341","5510","35","S","14:08","F",552,"14:23","coho",NA,64.18222,-160.95553,"5-5/8 in",51,50,1.5,"E",25,"5","8/23/2021 14:23",1629728580,"4,5","U","1b","8/25/2021 12:00",1629892800,164220,"1d 21H 37M 0S","6","U",235,"2021",0.75
